file,original,translation
"movements_translations_1.json","4) 내부 엘리베이터 탑승","4) 내부 elevator board"
"movements_translations_1.json","2) 지하 2층 대합실로 이동","2) B2 concourse로 move"
"movements_translations_1.json","3) 4번 출입구 방면으로 이동","3) 4번 exit  directionto move"
"movements_translations_1.json","4) 개집표기 통과 후 경의중앙선 방향으로 이동","4) Pass through the fare gate 후 경의Jungang선 directionto move"
"movements_translations_1.json","1) (1F) 2번/3번 출입구 사이 엘리베이터 탑승","1) (1F) 2번/3번 exit between elevator board"
"movements_translations_1.json","1) (1F) 4번/5번 출입구 사이 엘리베이터 탑승","1) (1F) 4번/5번 exit between elevator board"
"movements_translations_1.json","2) 1호선 제기동 방면 대합실 방향 내부 엘리베이터 탑승","2) 1Line  Jegi-dong  direction concourse direction 내부 elevator board"
"movements_translations_1.json","3) (B1) 1호선 제기동 방면 대합실로 이동","3) (B1) 1Line  Jegi-dong  direction concourse로 move"
"movements_translations_1.json","4) 우대자용 개집표기에서 호출버튼 눌러 통과 요청(비운임구역 진입)","4) 우대자용 개집표기at 호출버튼 눌러 pass through 요청(비운임구역 진입)"
"movements_translations_1.json","6) (1F) 역사 바깥으로 이동","6) (1F) 역사 바깥to move"
"movements_translations_1.json","7) 9번 출입구 부근 2호선 용두 방면 엘리베이터 탑승","7) 9번 exit 부근 2Line  용두  direction elevator board"
"movements_translations_1.json","8) (B2) 2호선 용두 방면 승강장으로 이동","8) (B2) Move to Line 2 용두-bound platform"
"movements_translations_1.json","9) 우대자용 개집표기에서 호출버튼 눌러 통과 요청(운임구역 진입)","9) 우대자용 개집표기at 호출버튼 눌러 pass through 요청(운임구역 진입)"
"movements_translations_1.json","2) 1호선 동묘앞 방면 대합실 방향 내부 엘리베이터 탑승","2) 1Line  Dongmyo  direction concourse direction 내부 elevator board"
"movements_translations_1.json","3) (B1) 1호선 동묘앞 방면 대합실로 이동","3) (B1) 1Line  Dongmyo  direction concourse로 move"
"movements_translations_1.json","4) 우이신설선 방향 환승통로로 이동","4) 우이신설선 direction 환승통로로 move"
"movements_translations_1.json","5) 환승 엘리베이터 탑승","5) 환승 elevator board"
"movements_translations_1.json","6) (B1) 우이신설선 대합실로 이동","6) (B1) 우이신설선 concourse로 move"
"movements_translations_1.json","7) 우이신설선 보문 방면 엘리베이터 탑승","7) 우이신설선 Bomun  direction elevator board"
"movements_translations_1.json","8) (B2) 우이신설선 보문 방면 승강장으로 이동","8) (B2) 우이신설선 Bomun  direction platformto move"
"movements_translations_1.json","1) (1F) 2번 출입구 대합실로 이동","1) (1F) 2번 exit concourse로 move"
"movements_translations_1.json","5) 이동통로 방향 엘리베이터 탑승","5) move통로 direction elevator board"
"movements_translations_1.json","6) (B2) 이동통로로 이동","6) (B2) move통로로 move"
"movements_translations_1.json","4) 이동통로 방향 엘리베이터 탑승","4) move통로 direction elevator board"
"movements_translations_1.json","5) (B2) 이동통로로 이동","5) (B2) move통로로 move"
"movements_translations_1.json","2) 환승통로 방향 엘리베이터 탑승","2) 환승통로 direction elevator board"
"movements_translations_1.json","5) (B3) 6호선 창신 방면 승강장으로 이동","5) (B3) Move to Line 6 창신-bound platform"
"movements_translations_1.json","1) 6번 출입구 근처 엘리베이터 이용","1) 6번 exit near elevator 이용"
"movements_translations_1.json","3) 1번/6번 근처 개집표기로 이동","3) 1번/6번 near 개집표기로 move"
"movements_translations_1.json","4) 1번 출입구 근처 엘리베이터 이용","4) 1번 exit near elevator 이용"
"movements_translations_1.json","4) 종로5가 방면 엘리베이터 이용","4) Jongno 5-ga  direction elevator 이용"
"movements_translations_1.json","1) 10-4번 승강장 엘리베이터 이용","1) 10-4번 platform elevator 이용"
"movements_translations_1.json","3) 환승통로 이용","3) 환승통로 이용"
"movements_translations_1.json","5) 엘리베이터 이용","5) elevator 이용"
"movements_translations_1.json","1) 2-2번 승강장 엘리베이터 이용","1) 2-2번 platform elevator 이용"
"movements_translations_1.json","1) (1F) 2-1번 출입구 옆 엘리베이터 탑승","1) (1F) 2-1번 exit near elevator board"
"movements_translations_1.json","2) 3호선 대합실 방향 환승통로로 이동","2) 3Line  concourse direction 환승통로로 move"
"movements_translations_1.json","4) (B4) 3호선 안국 방면 승강장으로 이동","4) (B4) Move to Line 3 안국-bound platform"
"movements_translations_1.json","6) 3호선 대합실 방향 환승통로로 이동","6) 3Line  concourse direction 환승통로로 move"
"movements_translations_1.json","8) (B4) 3호선 안국 방면 승강장으로 이동","8) (B4) Move to Line 3 안국-bound platform"
"movements_translations_1.json","5) 5호선 대합실 방향 환승통로로 이동","5) 5Line  concourse direction 환승통로로 move"
"movements_translations_1.json","6) 5호선 환승 엘리베이터 탑승","6) 5Line  환승 elevator board"
"movements_translations_1.json","9) (B5) 5호선 광화문 방면 승강장으로 이동","9) (B5) Move to Line 5 광화문-bound platform"
"movements_translations_1.json","9) 5호선 대합실 방향 환승통로로 이동","9) 5Line  concourse direction 환승통로로 move"
"movements_translations_1.json","10) 5호선 환승 엘리베이터 탑승","10) 5Line  환승 elevator board"
"movements_translations_1.json","13) (B5) 5호선 광화문 방면 승강장으로 이동","13) (B5) Move to Line 5 광화문-bound platform"
"movements_translations_1.json","1) 2번 출입구 근처 엘리베이터로 이동","1) 2번 exit near elevator로 move"
"movements_translations_1.json","3) 3번 출입구 근처 개집표기 통과 후 엘리베이터 이용","3) 3번 exit near 개집표기 pass through 후 elevator 이용"
"movements_translations_1.json","3) 고객안전실 근처 개집표기 통과 후 엘리베이터 이용","3) 고객안전실 near 개집표기 pass through 후 elevator 이용"
"movements_translations_1.json","2) 엘리베이터 이용","2) elevator 이용"
"movements_translations_1.json","4) 개집표기 통과 후 엘리베이터 이용","4) Pass through the fare gate 후 elevator 이용"
"movements_translations_1.json","6) 환승통로 이동","6) 환승통로 move"
"movements_translations_1.json","7) 엘리베이터 이용","7) elevator 이용"
"movements_translations_1.json","2) 환승통로 이동","2) 환승통로 move"
"movements_translations_1.json","3) 엘리베이터 이용","3) elevator 이용"
"movements_translations_1.json","2) 시청방면 승강장 4-4 부근 승강장 엘리베이터 탑승","2) City Hall direction platform 4-4 부근 platform elevator board"
"movements_translations_1.json","3) 엘리베이터로 (B1) 대합실 이동","3) elevator로 (B1) concourse move"
"movements_translations_1.json","4) 장애인 게이트에서 콜 버튼 눌러 4호선 환승을 위한 게이트 통과 요청","4) 장애인 게이트at 콜 버튼 눌러 4Line  환승을 위한 게이트 pass through 요청"
"movements_translations_1.json","5) 게이트 통과후 (B1) GTX-A 대합실로 이동(비운임구역 진입)","5) 게이트 pass through후 (B1) GTX-A concourse로 move(비운임구역 진입)"
"movements_translations_1.json","6) GTX-A 대합실에서 4호선 12번 출구 방면 (B1) 대합실로 이동","6) GTX-A concourseat 4Line  12번 출구  direction (B1) concourse로 move"
"movements_translations_1.json","7) 12번 출구 근처 4호선 승강장 엘레베이터 앞 게이트에서 4호선 환승을 위한 게이트 통과 요청","7) 12번 출구 near 4Line  platform 엘레베이터 앞 게이트at 4Line  환승을 위한 게이트 pass through 요청"
"movements_translations_1.json","8) 4호선 게이트 통과(운임구역 진입)","8) 4Line  게이트 pass through(운임구역 진입)"
"movements_translations_1.json","9) 4호선 승강장 엘레베이터 탑승","9) 4Line  platform 엘레베이터 board"
"movements_translations_1.json","10) (B2) 4호선 회현 방면 승강장으로 이동","10) (B2) Move to Line 4 회현-bound platform"
"movements_translations_1.json","10) (B2) 4호선 숙대입구 방면 승강장으로 이동","10) (B2) Move to Line 4 숙대입구-bound platform"
"movements_translations_1.json","2) 남영방면 승강장 7-1 부근 승강장 엘리베이터 탑승","2) Namyeong direction platform 7-1 부근 platform elevator board"
"movements_translations_1.json","3) 엘리베이터로 (B1) 대합실로 이동","3) elevator로 (B1) concourse로 move"
"movements_translations_1.json","4) 2번 출구 외부 1호기 엘리베이터로 이동","4) 2번 출구 외부 1호기 elevator로 move"
"movements_translations_1.json","5) 외부 1호기 엘리베이터로 (1F) 지상 이동","5) 외부 1호기 elevator로 (1F) 지상 move"
"movements_translations_1.json","6) (1F) 지상에서 (2F) 경의중앙선 역사로 이동 (경의중앙선에서는 지상 대합실을 2층, 승강장을 1층으로 구분)","6) (1F) 지상at (2F) 경의Jungang선 역사로 move (경의Jungang선at는 지상 concourse을 2층, platform을 1층to 구분)"
"movements_translations_1.json","7) (2F) 경의중앙선 역사에서 승강장 엘리베이터 탑승","7) (2F) 경의Jungang선 역사at platform elevator board"
"movements_translations_1.json","8) (1F) 경의중앙선 신촌 방면 승강장으로 이동","8) (1F) 경의Jungang선 Sinchon  direction platformto move"
"movements_translations_1.json","4) 1번 출구 방면 엘리베이터 탑승 지상 2층 이동","4) 1번 출구  direction elevator board 2F move"
"movements_translations_1.json","5) KTX 기차역 대합실 이동","5) KTX 기차역 concourse move"
"movements_translations_1.json","6) 기차역 서부역 방면 ③번 출구 이동","6) 기차역 서부역  direction ③번 출구 move"
"movements_translations_1.json","7) 공항철도 엘리베이터 탑승","7) 공항철도 elevator board"
"movements_translations_1.json","8) 공항철도 대합실로 이동","8) 공항철도 concourse로 move"
"movements_translations_1.json","9) (B3) 공항철도 대합실로 이동","9) (B3) 공항철도 concourse로 move"
"movements_translations_1.json","10) 공항철도 공덕 방면 엘리베이터 탑승","10) 공항철도 공덕  direction elevator board"
"movements_translations_1.json","11) (B7) 공항철도 공덕 방면 승강장으로 이동","11) (B7) 공항철도 공덕  direction platformto move"
"movements_translations_1.json","1) 9번 출입구 근처 엘리베이터로 이동","1) 9번 exit near elevator로 move"
"movements_translations_1.json","3) 11번 출입구 근처 개집표기 통과","3) 11번 exit near 개집표기 pass through"
"movements_translations_1.json","4) 엘리베이터 이용","4) elevator 이용"
"movements_translations_1.json","4) 환승통로 이동","4) 환승통로 move"
"movements_translations_1.json","7) 개집표기 통과 후 엘리베이터 이용","7) Pass through the fare gate 후 elevator 이용"
"movements_translations_1.json","3) 시청 방면 엘리베이터 앞 표 내는 곳 통과","3) City Hall  direction elevator 앞 표 내는 곳 pass through"
"movements_translations_1.json","3) 을지로3가 방면 엘리베이터 앞 표 내는 곳 통과","3) Euljiro 3-ga  direction elevator 앞 표 내는 곳 pass through"
"movements_translations_1.json","3) 2호선 대합실로 이동","3) 2Line  concourse로 move"
"movements_translations_1.json","4) 을지로입구 방면 엘리베이터 앞 표 내는 곳 통과","4) Euljiro 1-ga  direction elevator 앞 표 내는 곳 pass through"
"movements_translations_1.json","4) 을지로4가 방면 엘리베이터 앞 표 내는 곳 통과","4) Euljiro 4-ga  direction elevator 앞 표 내는 곳 pass through"
"movements_translations_1.json","3) 을지로입구 방면 엘리베이터 앞 표 내는 곳 통과","3) Euljiro 1-ga  direction elevator 앞 표 내는 곳 pass through"
"movements_translations_1.json","3) 을지로4가 방면 엘리베이터 앞 표 내는 곳 통과","3) Euljiro 4-ga  direction elevator 앞 표 내는 곳 pass through"
"movements_translations_1.json","4) 3호선 대합실로 이동","4) 3Line  concourse로 move"
"movements_translations_1.json","6) (B3) 3호선 충무로 방면 승강장으로 이동","6) (B3) Move to Line 3 충무로-bound platform"
"movements_translations_1.json","2) 3호선 연결통로로 이동","2) 3Line  연결통로로 move"
"movements_translations_1.json","4) (B3) 3호선 충무로 방면 승강장으로 이동","4) (B3) Move to Line 3 충무로-bound platform"
"movements_translations_1.json","2) 지하1층 대합실 하차 후 을지로3가방면 표 내는 곳 옆 엘리베이터 탑승","2) B1 concourse exit 후 Euljiro 3-ga direction 표 내는 곳 near elevator board"
"movements_translations_1.json","3) 동대문역사문화공원 방면 엘리베이터 앞 표 내는 곳 통과","3) Dongdaemun History & Culture Park  direction elevator 앞 표 내는 곳 pass through"
"movements_translations_1.json","1) 10번출구 엘리베이터 탑승","1) 10번출구 elevator board"
"movements_translations_1.json","2) 지하1층 대합실 하차 후 을지로3가 방면 표 내는 곳 통과 후 엘리베이터 탑승","2) B1 concourse exit 후 Euljiro 3-ga  direction 표 내는 곳 pass through 후 elevator board"
"movements_translations_1.json","2)  지하1층 대합실 하차 후 동대문역사문화공원 방면 표 내는 곳 통과 후 엘리베이터 탑승","2)  B1 concourse exit 후 Dongdaemun History & Culture Park  direction 표 내는 곳 pass through 후 elevator board"
"movements_translations_1.json","1)  7-4 승강장 앞 엘리베이터 탑승","1)  7-4 platform 앞 elevator board"
"movements_translations_1.json","3) 3) 종로3가 방면 승차 (휠체어칸)","3) 3) Jongno 3-ga  direction board (휠체어칸)"
"movements_translations_1.json","3) 동대문역사문화공원 방면 승차 (휠체어칸)","3) Dongdaemun History & Culture Park  direction board (휠체어칸)"
"movements_translations_1.json","2) 지하1층 대합실 하차후 오른쪽으로 90M 이동","2) B1 concourse exit후 오른쪽to 90M move"
"movements_translations_1.json","3) 을지로3가방면 표 내는 곳 옆의 엘리베이터 탑승","3) Euljiro 3-ga direction 표 내는 곳 near의 elevator board"
"movements_translations_1.json","5) 종로3가 방면 승차 (휠체어칸)","5) Jongno 3-ga  direction board (휠체어칸)"
"movements_translations_1.json","5) 동대문역사문화공원 방면 승차 (휠체어칸)","5) Dongdaemun History & Culture Park  direction board (휠체어칸)"
"movements_translations_1.json","4) 4호선 대합실로 이동","4) 4Line  concourse로 move"
"movements_translations_1.json","6) (B3) 4호선 충무로 방면 승강장으로 이동","6) (B3) Move to Line 4 충무로-bound platform"
"movements_translations_1.json","8) (B5) 5호선 청구 방면 승강장으로 이동","8) (B5) Move to Line 5 청구-bound platform"
"movements_translations_1.json","3) 상왕십리 방면 엘리베이터 앞 표 내는 곳 통과","3) Sangwangsimni  direction elevator 앞 표 내는 곳 pass through"
"movements_translations_1.json","2) 환승통로 방향 휠체어리프트 탑승","2) Take the wheelchair lift toward 환승통로"
"movements_translations_1.json","7) (B3) 6호선 청구 방면 승강장으로 이동","7) (B3) Move to Line 6 청구-bound platform"
"movements_translations_1.json","1) (1F) 1-1번 출입구 옆 엘리베이터 탑승","1) (1F) 1-1번 exit near elevator board"
"movements_translations_1.json","3) 신당 방면 엘리베이터 앞 표 내는 곳 통과","3) Sindang  direction elevator 앞 표 내는 곳 pass through"
"movements_translations_1.json","3) 왕십리 방면 엘리베이터 앞 표 내는 곳 통과","3) Wangsimni  direction elevator 앞 표 내는 곳 pass through"
"movements_translations_1.json","3) 6번 출입구 방향 표 내는 곳 통과","3) 6번 exit direction 표 내는 곳 pass through"
"movements_translations_1.json","1) (1F) 6-1번 출입구 옆 엘리베이터 탑승","1) (1F) 6-1번 exit near elevator board"
"movements_translations_1.json","2) 환승대합실로 이동","2) 환승concourse로 move"
"movements_translations_1.json","5) 5호선 행당 방면 엘리베이터 탑승","5) Take the elevator to Line 5 행당 direction"
"movements_translations_1.json","6) (B5) 5호선 행당 방면 승강장으로 이동","6) (B5) Move to Line 5 행당-bound platform"
"movements_translations_1.json","5) 5호선 마장 방면 엘리베이터 탑승","5) Take the elevator to Line 5 마장 direction"
"movements_translations_1.json","6) (B5) 5호선 마장 방면 승강장으로 이동","6) (B5) Move to Line 5 마장-bound platform"
"movements_translations_1.json","2) 환승대합실 방향 엘리베이터 탑승","2) 환승concourse direction elevator board"
"movements_translations_1.json","3) (B1) 환승대합실로 이동","3) (B1) 환승concourse로 move"
"movements_translations_1.json","5) (B2) 환승대합실로 이동","5) (B2) 환승concourse로 move"
"movements_translations_1.json","8) 5호선 행당 방면 엘리베이터 탑승","8) Take the elevator to Line 5 행당 direction"
"movements_translations_1.json","9) (B5) 5호선 행당 방면 승강장으로 이동","9) (B5) Move to Line 5 행당-bound platform"
"movements_translations_1.json","8) 5호선 마장 방면 엘리베이터 탑승","8) Take the elevator to Line 5 마장 direction"
"movements_translations_1.json","9) (B5) 5호선 마장 방면 승강장으로 이동","9) (B5) Move to Line 5 마장-bound platform"
"movements_translations_1.json","4) 수인분당선 승강장 방향 엘리베이터 탑승","4) 수인분당선 platform direction elevator board"
"movements_translations_1.json","5) (1F) 수인분당선 청량리 방면 승강장으로 이동","5) (1F) 수인분당선 Cheongnyangni  direction platformto move"
"movements_translations_1.json","5) (1F) 수인분당선 서울숲 방면 승강장으로 이동","5) (1F) 수인분당선 서울숲  direction platformto move"
"movements_translations_1.json","4) 경의중앙선 승강장 방향 엘리베이터 탑승","4) 경의Jungang선 platform direction elevator board"
"movements_translations_1.json","5) (1F) 경의중앙선 응봉 방면 승강장으로 이동","5) (1F) 경의Jungang선 응봉  direction platformto move"
"movements_translations_1.json","5) (1F) 경의중앙선 청량리 방면 승강장으로 이동","5) (1F) 경의Jungang선 Cheongnyangni  direction platformto move"
"movements_translations_1.json","3) 뚝섬 방면 엘리베이터 앞 표 내는 곳 통과","3) Ttukseom  direction elevator 앞 표 내는 곳 pass through"
"movements_translations_1.json","3) 한양대 방면 엘리베이터 앞 표 내는 곳 통과","3) Hanyang Univ.  direction elevator 앞 표 내는 곳 pass through"
"movements_translations_1.json","3) 성수 방면 엘리베이터 앞 표 내는 곳 통과","3) Seongsu  direction elevator 앞 표 내는 곳 pass through"
"movements_translations_1.json","3) 건대입구 방면 엘리베이터 앞 표 내는 곳 통과","3) Konkuk Univ.  direction elevator 앞 표 내는 곳 pass through"
"movements_translations_1.json","2) 2호선 용답 방면 승강장으로 이동","2) 2Line  용답  direction platformto move"
"movements_translations_1.json","4) 2호선 용답 방면 엘리베이터 탑승","4) Take the elevator to Line 2 용답 direction"
"movements_translations_1.json","5) (3F) 2호선 용답 방면 승강장으로 이동","5) (3F) Move to Line 2 용답-bound platform"
"movements_translations_1.json","1) (3F) 2호선 용답 방면 승강장 하차","1) (3F) Exit at Line 2 용답-bound platform"
"movements_translations_1.json","4) (3F) 표 내는 곳 통과 후 구의 방면 승강장으로 이동","4) (3F) 표 내는 곳 pass through 후 Guui  direction platformto move"
"movements_translations_1.json","1) 1번 출입구 근처 엘리베이터 이용 지상2층 이동","1) 1번 exit near elevator 이용 2F move"
"movements_translations_1.json","2) 개집표기 통과 후 고객안내센터 맞은편 성수방면 엘리베이터 탑승","2) Pass through the fare gate 후 고객안내센터 맞은편 Seongsu direction elevator board"
"movements_translations_1.json","2) (3F) 표 내는 곳 통과 후 구의 방면 승강장 이동","2) (3F) 표 내는 곳 pass through 후 Guui  direction platform move"
"movements_translations_1.json","1) 6번 출입구 근처 엘리베이터 이용 지상2층 이동","1) 6번 exit near elevator 이용 2F move"
"movements_translations_1.json","2) 표 내는 곳 통과 후 2호선 대합실 방향 엘리베이터 탑승","2) Pass through the ticket gate 후 2Line  concourse direction elevator board"
"movements_translations_1.json","3) (1F) 3번 출입구 옆 엘리베이터 로 이동","3) (1F) 3번 exit near elevator 로 move"
"movements_translations_1.json","4) 3번 출입구 옆 엘리베이터 탑승","4) 3번 exit near elevator board"
"movements_translations_1.json","5) (B2)  표 내는 곳 통과 후 7호선 어린이 대공원 방면 승강장 이동","5) (B2) Pass through the ticket gate 후 7Line  어린이 Grand Park  direction platform move"
"movements_translations_1.json","1) 승강장 엘리베이터 탑승 후 지상2층으로 이동","1) platform elevator board 후 2Fto move"
"movements_translations_1.json","2) 개집표기 통과 후 1번출입구 앞 엘리베이터 탑승","2) Pass through the fare gate 후 1번exit 앞 elevator board"
"movements_translations_1.json","4) 3번출입구 옆 엘리베이터 이용","4) 3번exit near elevator 이용"
"movements_translations_1.json","6) 어린이대공원 방면 승강장 방향으로 이동","6) 어린Ewha Womans Univ.공원  direction platform directionto move"
"movements_translations_1.json","7) 어린이대공원 방면 승강장 이용","7) 어린Ewha Womans Univ.공원  direction platform 이용"
"movements_translations_1.json","5) (B2)  표 내는 곳 통과 후 7호선 어린이대공원 방면 엘리베이터 로 이동","5) (B2) Pass through the ticket gate 후 7Line  어린Ewha Womans Univ.공원  direction elevator 로 move"
"movements_translations_1.json","6)  7호선 어린이대공원 방면 엘리베이터 탑승","6)  7Line  어린Ewha Womans Univ.공원  direction elevator board"
"movements_translations_1.json","7) (B3) 7호선 자양 방면 승강장 엘리베이터 이동","7) (B3) 7Line  자양  direction platform elevator move"
"movements_translations_1.json","8) 7호선 자양 방면 엘리베이터 탑승","8) Take the elevator to Line 7 자양 direction"
"movements_translations_1.json","9) (B2) 7호선 자양 방면 승강장 이동","9) (B2) 7Line  자양  direction platform move"
"movements_translations_1.json","10) 탑승(휠체어칸)","10) board(휠체어칸)"
"movements_translations_1.json","3) (2F) 표 내는 곳 통과 후 1번 출입구 앞 엘리베이터 이동","3) (2F) 표 내는 곳 pass through 후 1번 exit 앞 elevator move"
"movements_translations_1.json","4) 1번 출입구 옆 엘리베이터 탑승","4) 1번 exit near elevator board"
"movements_translations_1.json","5) 3번 출입구 옆 엘리베이터 이동","5) 3번 exit near elevator move"
"movements_translations_1.json","6) 3번 출입구 옆 엘레이터 탑승","6) 3번 exit near 엘레이터 board"
"movements_translations_1.json","7) (B2)  표 내는 곳 통과 후 7호선 어린이대공원 방면 엘리베이터 로 이동","7) (B2) Pass through the ticket gate 후 7Line  어린Ewha Womans Univ.공원  direction elevator 로 move"
"movements_translations_1.json","8) 7호선 어린이대공원 방면 엘리베이터 탑승","8) 7Line  어린Ewha Womans Univ.공원  direction elevator board"
"movements_translations_1.json","9) (B3) 7호선 자양 방면 승강장 엘리베이터 이동","9) (B3) 7Line  자양  direction platform elevator move"
"movements_translations_1.json","10) 7호선 자양 방면 엘리베이터 탑승","10) Take the elevator to Line 7 자양 direction"
"movements_translations_1.json","11) (B2) 7호선 자양 방면 승강장 이동","11) (B2) 7Line  자양  direction platform move"
"movements_translations_1.json","12) 탑승(휠체어칸)","12) board(휠체어칸)"
"movements_translations_1.json","3) 엘리베이터 앞 표 내는 곳 통과","3) elevator 앞 표 내는 곳 pass through"
"movements_translations_1.json","1) (1F) 1번 출입구 대합실로 이동","1) (1F) 1번 exit concourse로 move"
"movements_translations_1.json","3) 잠실나루 방면 엘리베이터 탑승","3) Take the elevator to Jamsil나루 direction"
"movements_translations_1.json","4) (2F) 잠실나루 방면 승강장으로 이동","4) (2F) Move to the Jamsil나루-bound platform"
"movements_translations_1.json","2) 1번/4번 출입구 방향 표 내는 곳 통과","2) 1번/4번 exit direction 표 내는 곳 pass through"
"movements_translations_1.json","1) (1F) 3번 출입구 대합실로 이동","1) (1F) 3번 exit concourse로 move"
"movements_translations_1.json","1) (1F) 4번 출입구 대합실로 이동","1) (1F) 4번 exit concourse로 move"
"movements_translations_1.json","3) 잠실나루 방면 엘리베이터 앞 표 내는 곳 통과","3) Jamsil나루  direction elevator 앞 표 내는 곳 pass through"
"movements_translations_1.json","4) 잠실나루 방면 엘리베이터 탑승","4) Take the elevator to Jamsil나루 direction"
"movements_translations_1.json","5) (B2) 잠실나루 방면 승강장으로 이동","5) (B2) Move to the Jamsil나루-bound platform"
"movements_translations_1.json","3) 잠실새내 방면 엘리베이터 앞 표 내는 곳 통과","3) Jamsil새내  direction elevator 앞 표 내는 곳 pass through"
"movements_translations_1.json","4) 잠실새내 방면 엘리베이터 탑승","4) Take the elevator to Jamsil새내 direction"
"movements_translations_1.json","5) (B2) 잠실새내 방면 승강장으로 이동","5) (B2) Move to the Jamsil새내-bound platform"
"movements_translations_1.json","1) (B2) 2호선 잠실나루 방면 승강장 하차","1) (B2) Exit at Line 2 Jamsil나루-bound platform"
"movements_translations_1.json","4) 8호선 대합실로 이동","4) 8Line  concourse로 move"
"movements_translations_1.json","5) 8호선 몽촌토성 방면 엘리베이터 탑승","5) Take the elevator to Line 8 몽촌토성 direction"
"movements_translations_1.json","6) (B3) 8호선 몽촌토성 방면 승강장으로 이동","6) (B3) Move to Line 8 몽촌토성-bound platform"
"movements_translations_1.json","1) (B2) 2호선 잠실새내 방면 승강장 하차","1) (B2) Exit at Line 2 Jamsil새내-bound platform"
"movements_translations_1.json","3) 잠실 방면 엘리베이터 앞 표 내는 곳 통과","3) Jamsil  direction elevator 앞 표 내는 곳 pass through"
"movements_translations_1.json","3) 종합운동장 방면 엘리베이터 앞 표 내는 곳 통과","3) Sports Complex  direction elevator 앞 표 내는 곳 pass through"
"movements_translations_1.json","7) 9호선 봉은사 방면 엘리베이터 탑승","7) Take the elevator to Line 9 봉은사 direction"
"movements_translations_1.json","8) (B4) 9호선 봉은사 방면 승강장으로 이동","8) (B4) Move to Line 9 봉은사-bound platform"
"movements_translations_1.json","2) (B1) 이동통로로 이동","2) (B1) move통로로 move"
"movements_translations_1.json","3) 대합실로 이동","3) concourse로 move"
"movements_translations_1.json","3) 삼성 방면 엘리베이터 앞 표 내는 곳 통과","3) Samsung  direction elevator 앞 표 내는 곳 pass through"
"movements_translations_1.json","3) 5번 출입구 방향 역삼 방면 엘리베이터 앞 표 내는 곳 통과","3) 5번 exit direction Yeoksam  direction elevator 앞 표 내는 곳 pass through"
"movements_translations_1.json","3) 선릉역약국 옆 삼성 방면 표 내는 곳 통과","3) Seolleung역약국 near Samsung  direction 표 내는 곳 pass through"
"movements_translations_1.json","3) 역삼 방면 엘리베이터 앞 표 내는 곳 통과","3) Yeoksam  direction elevator 앞 표 내는 곳 pass through"
"movements_translations_1.json","3) 1번 출입구 방향 삼성 방면 엘리베이터 앞 표 내는 곳 통과","3) 1번 exit direction Samsung  direction elevator 앞 표 내는 곳 pass through"
"movements_translations_1.json","2) 수인분당선 선정릉 방면 엘리베이터 탑승 ","2) 수인분당선 선정릉  direction elevator board "
"movements_translations_1.json","3) (B3) 수인분당선 선정릉 방면 승강장으로 이동 ","3) (B3) 수인분당선 선정릉  direction platformto move "
"movements_translations_1.json","2) 수인분당선 한티 방면 엘리베이터 탑승 ","2) 수인분당선 한티  direction elevator board "
"movements_translations_1.json","3) (B3) 수인분당선 한티 방면 승강장으로 이동","3) (B3) 수인분당선 한티  direction platformto move"
"movements_translations_1.json","3) (B3) 수인분당선 선정릉 방면 승강장으로 이동","3) (B3) 수인분당선 선정릉  direction platformto move"
"movements_translations_1.json","3) 선릉 방면 엘리베이터 앞 표 내는 곳 통과","3) Seolleung  direction elevator 앞 표 내는 곳 pass through"
"movements_translations_1.json","3) 강남 방면 엘리베이터 앞 표 내는 곳 통과","3) Gangnam  direction elevator 앞 표 내는 곳 pass through"
"movements_translations_1.json","2) 환승 엘리베이터 탑승","2) 환승 elevator board"
"movements_translations_1.json","4) 신분당선 대합실로 이동","4) 신분당선 concourse로 move"
"movements_translations_1.json","5) 신분당선 신논현 방면 엘리베이터 탑승","5) 신분당선 신논현  direction elevator board"
"movements_translations_1.json","6) (B4) 신분당선 신논현 방면 승강장으로 이동","6) (B4) 신분당선 신논현  direction platformto move"
"movements_translations_1.json","5) 신분당선 양재 방면 엘리베이터 탑승","5) 신분당선 양재  direction elevator board"
"movements_translations_1.json","6) (B4) 신분당선 양재 방면 승강장으로 이동","6) (B4) 신분당선 양재  direction platformto move"
"movements_translations_1.json","3) 서초 방면 엘리베이터 앞 표 내는 곳 통과","3) Seocho  direction elevator 앞 표 내는 곳 pass through"
"movements_translations_1.json","3) 2호선 대합실 방향 휠체어리프트 탑승","3) 2Line  concourse direction 휠체어리프트 board"
"movements_translations_1.json","5) 강남 방면 엘리베이터 앞 표 내는 곳 통과","5) Gangnam  direction elevator 앞 표 내는 곳 pass through"
"movements_translations_1.json","5) 서초 방면 엘리베이터 앞 표 내는 곳 통과","5) Seocho  direction elevator 앞 표 내는 곳 pass through"
"movements_translations_1.json","4) 3호선 대합실 방향 휠체어리프트 탑승","4) 3Line  concourse direction 휠체어리프트 board"
"movements_translations_1.json","7) (B3) 3호선 남부터미널 방면 승강장으로 이동","7) (B3) Move to Line 3 남부터미널-bound platform"
"movements_translations_1.json","3) 교대 방면 엘리베이터 앞 표 내는 곳 통과","3) Gyodae  direction elevator 앞 표 내는 곳 pass through"
"movements_translations_1.json","3) 방배 방면 엘리베이터 앞 표 내는 곳 통과","3) Bangbae  direction elevator 앞 표 내는 곳 pass through"
"movements_translations_1.json","3) 낙성대 방면 엘리베이터 앞 표 내는 곳 통과","3) Nakseongdae  direction elevator 앞 표 내는 곳 pass through"
"movements_translations_1.json","2) 승강장 내 엘리베이터 탑승","2) platform 내 elevator board"
"movements_translations_1.json","3) 사당 방면 엘리베이터 앞 표 내는 곳 통과","3) Sadang  direction elevator 앞 표 내는 곳 pass through"
"movements_translations_1.json","3) 서울대입구 방면 엘리베이터 앞 표 내는 곳 통과","3) 서울대입구  direction elevator 앞 표 내는 곳 pass through"
"movements_translations_1.json","4) 서울대입구 방면 엘리베이터 탑승","4) Take the elevator to 서울대입구 direction"
"movements_translations_1.json","5) (B2) 서울대입구 방면 승강장으로 이동","5) (B2) Move to the 서울대입구-bound platform"
"movements_translations_1.json","2) 고객안내센터 앞 엘리베이터를 이용하여 지하2층으로 이동","2) 고객안내센터 앞 elevator를 이용하여 B2to move"
"movements_translations_1.json","1) 2번 출입구 근처 엘리베이터 이용","1) 2번 exit near elevator 이용"
"movements_translations_1.json","6) 7-1칸(휠체어칸) 승차","6) 7-1칸(휠체어칸) board"
"movements_translations_1.json","6) 4-4칸(휠체어칸) 승차","6) 4-4칸(휠체어칸) board"
"movements_translations_1.json","4) 신림선 환승게이트 통과","4) Sillim선 환승게이트 pass through"
"movements_translations_2.json","5) 신림선 승강장 방향 엘리베이터 탑승","5) Sillim선 platform direction elevator board"
"movements_translations_2.json","6) (B3) 신림선 당곡 방면 승강장으로 이동","6) (B3) Sillim선 당곡  direction platformto move"
"movements_translations_2.json","6) (B3) 신림선 서원 방면 승강장으로 이동","6) (B3) Sillim선 서원  direction platformto move"
"movements_translations_2.json","1) (1F) 1번 출입구와 6번 출입구 사이 엘리베이터 탑승 ","1) (1F) 1번 exit와 6번 exit between elevator board "
"movements_translations_2.json","4) (2F) 신대방 방면 내부 엘리베이터 탑승 ","4) (2F) Sindaebang  direction 내부 elevator board "
"movements_translations_2.json","6) 탑승(휠체어칸)","6) board(휠체어칸)"
"movements_translations_2.json","4) (2F) 대림 방면 내부 엘리베이터 탑승 ","4) (2F) Daerim  direction 내부 elevator board "
"movements_translations_2.json","1) (1F) 2번 출입구와 3번 출입구 사이 엘리베이터 탑승 ","1) (1F) 2번 exit와 3번 exit between elevator board "
"movements_translations_2.json","2) (2F) 2,3번 출입구와 대합실 사이 연결통로 이동","2) (2F) 2,3번 exit와 concourse between 연결통로 move"
"movements_translations_2.json","1) (1F) 3번/4번 출입구 사이 엘리베이터 탑승","1) (1F) 3번/4번 exit between elevator board"
"movements_translations_2.json","1) (1F) 7번/8번 출입구 사이 엘리베이터 탑승","1) (1F) 7번/8번 exit between elevator board"
"movements_translations_2.json","3) 2F 대합실로 이동","3) 2F concourse로 move"
"movements_translations_2.json","4) 휠체어 비상게이트 이용해 외부로 나감","4) 휠체어 비상게이트 이용해 외부로 나감"
"movements_translations_2.json","5) 2F 8번출구 엘리베이터 탑승","5) 2F 8번출구 elevator board"
"movements_translations_2.json","6) 1F 외부로 이동","6) 1F 외부로 move"
"movements_translations_2.json","7) 직진 후 좌회전하여 7호선 10번출구로 이동(약 200m)","7) 직진 후 좌회전하여 7Line  10번출구로 move(약 200m)"
"movements_translations_2.json","9) B1 7호선 대합실로 이동","9) B1 7Line  concourse로 move"
"movements_translations_2.json","10) 휠체어 비상게이트 이용해 내부로 들어옴","10) 휠체어 비상게이트 이용해 내부로 들어옴"
"movements_translations_2.json","11) 7호선 신풍방면 엘리베이터 탑승","11) Take the elevator to Line 7 신풍 direction"
"movements_translations_2.json","12) B2 7호선 신풍방면 승강장으로 이동","12) B2 7Line  신풍 direction platformto move"
"movements_translations_2.json","11) 7호선 남구로방면 엘리베이터 탑승","11) Take the elevator to Line 7 남구로 direction"
"movements_translations_2.json","12) B2 7호선 남구로방면 승강장으로 이동","12) B2 7Line  남구로 direction platformto move"
"movements_translations_2.json","5) (B2) 문래 방면 승강장으로 이동","5) (B2) Move to the 문래-bound platform"
"movements_translations_2.json","4) 1번 출입구 방향, 1호선 환승 방향으로 이동","4) 1번 exit direction, 1Line  환승 directionto move"
"movements_translations_2.json","5) 도림천 방면 엘리베이터 탑승","5) Take the elevator to 도림천 direction"
"movements_translations_2.json","6) (B2) 도림천 방면 승강장으로 이동","6) (B2) Move to the 도림천-bound platform"
"movements_translations_2.json","5) 2호선 도림천 방면 엘리베이터 탑승","5) Take the elevator to Line 2 도림천 direction"
"movements_translations_2.json","6) (B2) 2호선 도림천 방면 승강장으로 이동","6) (B2) Move to Line 2 도림천-bound platform"
"movements_translations_2.json","1) (B2) 2호선 문래 방면 승강장 하차","1) (B2) Exit at Line 2 문래-bound platform"
"movements_translations_2.json","1) (B2) 2호선 지선 신도림 (종착역) 승강장 하차","1) (B2) 2Line  지선 Sindorim (종착역) platform exit"
"movements_translations_2.json","4) 2번/3번 출입구 방향으로 이동","4) 2번/3번 exit directionto move"
"movements_translations_2.json","5) 2호선 대림, 문래 방면 엘리베이터 탑승","5) 2Line  Daerim, 문래  direction elevator board"
"movements_translations_2.json","6) (B2) 2호선 문래 방면 승강장으로 이동","6) (B2) Move to Line 2 문래-bound platform"
"movements_translations_2.json","5) 1호선 영등포 방면 엘리베이터 탑승","5) Take the elevator to Line 1 영등포 direction"
"movements_translations_2.json","6) (1F) 1호선 영등포 방면 승강장으로 이동","6) (1F) Move to Line 1 영등포-bound platform"
"movements_translations_2.json","5) 1호선 구로 방면 엘리베이터 탑승","5) Take the elevator to Line 1 구로 direction"
"movements_translations_2.json","6) (1F) 1호선 구로 방면 승강장으로 이동","6) (1F) Move to Line 1 구로-bound platform"
"movements_translations_2.json","3) (1F) 1호선 영등포 방면 승강장으로 이동","3) (1F) Move to Line 1 영등포-bound platform"
"movements_translations_2.json","4) 1호선 구로 방면 엘리베이터 탑승","4) Take the elevator to Line 1 구로 direction"
"movements_translations_2.json","5) (1F) 1호선 구로 방면 승강장으로 이동","5) (1F) Move to Line 1 구로-bound platform"
"movements_translations_2.json","3) 신도림 방면 엘리베이터 앞 표 내는 곳 통과","3) Sindorim  direction elevator 앞 표 내는 곳 pass through"
"movements_translations_2.json","3) 영등포구청 방면 엘리베이터 앞 표 내는 곳 통과","3) Yeongdeungpo-gu Office  direction elevator 앞 표 내는 곳 pass through"
"movements_translations_2.json","4) 문래 방면 엘리베이터 탑승","4) Take the elevator to 문래 direction"
"movements_translations_2.json","1) 문래방면 지하2층 엘리베이터 탑승","1) 문래 direction B2 elevator board"
"movements_translations_2.json","2) 문래방면 지하1층 엘리베이터 하차","2) 문래 direction B1 elevator exit"
"movements_translations_2.json","3) 2번출입구 지하1층 엘리베이터 탑승","3) 2번exit B1 elevator board"
"movements_translations_2.json","4) 2번출입구 지상1층 엘리베이터 하차","4) 2번exit 1F elevator exit"
"movements_translations_2.json","7) 영등포시장방면 지하4층 엘리베이터 탑승","7) 영등포시장 direction B4 elevator board"
"movements_translations_2.json","8) 영등포시장방면 지하5층 엘리베이터 하차","8) 영등포시장 direction B5 elevator exit"
"movements_translations_2.json","2) 9호선 환승 엘리베이터 탑승","2) 9Line  환승 elevator board"
"movements_translations_2.json","5(B3) 9호선 국회의사당 방면 승강장으로 이동","5(B3) 9Line  국회의Sadang  direction platformto move"
"movements_translations_2.json","5) (B3) 9호선 선유도 방면 승강장으로 이동","5) (B3) Move to Line 9 선유도-bound platform"
"movements_translations_2.json","5) (B3) 9호선 국회의사당 방면 승강장으로 이동","5) (B3) Move to Line 9 국회의Sadang-bound platform"
"movements_translations_2.json","1) (1F) 1번/2번 출입구 사이 엘리베이터 탑승","1) (1F) 1번/2번 exit between elevator board"
"movements_translations_2.json","3) 당산 방면 엘리베이터 앞 표 내는 곳 통과","3) Dangsan  direction elevator 앞 표 내는 곳 pass through"
"movements_translations_2.json","3) 홍대입구 방면 엘리베이터 앞 표 내는 곳 통과","3) Hongik Univ.  direction elevator 앞 표 내는 곳 pass through"
"movements_translations_2.json","4) 엘리베이터 앞 표 내는 곳 통과","4) elevator 앞 표 내는 곳 pass through"
"movements_translations_2.json","5) 9/10번 출입구방향 환승 엘리베이터 탑승","5) 9/10번 exitdirection 환승 elevator board"
"movements_translations_2.json","6) (B4) 6호선 망원 방면 승강장으로 이동","6) (B4) Move to Line 6 망원-bound platform"
"movements_translations_2.json","7) 6호선 상수 방면 엘리베이터 탑승","7) Take the elevator to Line 6 상수 direction"
"movements_translations_2.json","8) (B4) 6호선 상수 방면 승강장으로 이동","8) (B4) Move to Line 6 상수-bound platform"
"movements_translations_2.json","4) 경의중앙선, 공항철도 환승통로로 이동","4) 경의Jungang선, 공항철도 환승통로로 move"
"movements_translations_2.json","6) (B2) 경의중앙선, 공항철도 환승통로로 이동","6) (B2) 경의Jungang선, 공항철도 환승통로로 move"
"movements_translations_2.json","7) 공항철도 대합실로 이동","7) 공항철도 concourse로 move"
"movements_translations_2.json","8) 경의중앙선 가좌 방면 엘리베이터 탑승","8) 경의Jungang선 가좌  direction elevator board"
"movements_translations_2.json","9) (B1) 경의중앙선 가좌 방면 승강장으로 이동","9) (B1) 경의Jungang선 가좌  direction platformto move"
"movements_translations_2.json","8) 경의중앙선 서강대 방면 엘리베이터 탑승","8) 경의Jungang선 서강대  direction elevator board"
"movements_translations_2.json","9) (B1) 경의중앙선 서강대 방면 승강장으로 이동","9) (B1) 경의Jungang선 서강대  direction platformto move"
"movements_translations_2.json","8) 공항철도 공덕 방면 엘리베이터 탑승","8) 공항철도 공덕  direction elevator board"
"movements_translations_2.json","9) (B4) 공항철도 공덕 방면 승강장으로 이동","9) (B4) 공항철도 공덕  direction platformto move"
"movements_translations_2.json","8) 공항철도 디지털미디어시티 방면 엘리베이터 탑승","8) 공항철도 디지털미디어시티  direction elevator board"
"movements_translations_2.json","9) (B4) 공항철도 디지털미디어시티 방면 승강장으로 이동","9) (B4) 공항철도 디지털미디어시티  direction platformto move"
"movements_translations_2.json","3) 이대 방면 엘리베이터 앞 표 내는 곳 통과","3) Ewha Womans Univ.  direction elevator 앞 표 내는 곳 pass through"
"movements_translations_2.json","2) (B1) 경사로를 이용하여 대합실로 이동","2) (B1) 경사로를 이용하여 concourse로 move"
"movements_translations_2.json","4) 5호선 환승통로로 이동","4) 5Line  환승통로로 move"
"movements_translations_2.json","5) (B2) 5호선 대합실 내 엘리베이터 탑승","5) (B2) 5Line  concourse 내 elevator board"
"movements_translations_2.json","6) (B5) 5호선 애오개 방면 승강장으로 이동","6) (B5) Move to Line 5 애오개-bound platform"
"movements_translations_2.json","6) (B5) 5호선 서대문 방면 승강장으로 이동","6) (B5) Move to Line 5 서대문-bound platform"
"movements_translations_2.json","2) 신답 방면 엘리베이터 탑승 ","2) Take the elevator to 신답 direction "
"movements_translations_2.json","3) (2F) 신답 방면 승강장으로 이동","3) (2F) Move to the 신답-bound platform"
"movements_translations_2.json","5) 연결통로 방향 엘리베이터 탑승","5) 연결통로 direction elevator board"
"movements_translations_2.json","6) (3F) 연결통로로 이동","6) (3F) 연결통로로 move"
"movements_translations_2.json","2) 신답 방면 엘리베이터 탑승","2) Take the elevator to 신답 direction"
"movements_translations_2.json","3) 이동통로 방향 엘리베이터 탑승","3) move통로 direction elevator board"
"movements_translations_2.json","4) (2F) 이동통로로 이동","4) (2F) move통로로 move"
"movements_translations_2.json","5) 용답 방면 엘리베이터 탑승","5) Take the elevator to 용답 direction"
"movements_translations_2.json","6) (1F) 용답 방면 승강장으로 이동","6) (1F) Move to the 용답-bound platform"
"movements_translations_2.json","3) 용두 방면 승강장으로 이동","3) 용두  direction platformto move"
"movements_translations_2.json","4) 연결통로 방향 엘리베이터 탑승","4) 연결통로 direction elevator board"
"movements_translations_2.json","5) (B2) 연결통로로 이동","5) (B2) 연결통로로 move"
"movements_translations_2.json","6) 신답 방면 엘리베이터 탑승","6) Take the elevator to 신답 direction"
"movements_translations_2.json","7) (B1) 신답 방면 승강장으로 이동","7) (B1) Move to the 신답-bound platform"
"movements_translations_2.json","4) 신답 방면 승강장으로 이동","4) 신답  direction platformto move"
"movements_translations_2.json","1) (1F) 9번 출구 엘리베이터 뒤편 엘리베이터 탑승","1) (1F) 9번 출구 elevator 뒤편 elevator board"
"movements_translations_2.json","2) (B2) 표 찍는 곳 통과","2) (B2) 표 찍는 곳 pass through"
"movements_translations_2.json","3) (B2) 용두 방면 승강장 도착","3) (B2) 용두  direction platform 도착"
"movements_translations_2.json","1) 신설동 종착역 승강장","1) Sinseol-dong 종착역 platform"
"movements_translations_2.json","5) (1F) 역사 바깥으로 이동 (필요 시 직원 동행)","5) (1F) 역사 바깥to move (필요 시 직원 동행)"
"movements_translations_2.json","6) (1F) 2번/ 3번 출입구 사이 엘리베이터 탑승","6) (1F) 2번/ 3번 exit between elevator board"
"movements_translations_2.json","6) (1F) 4번/ 5번 출입구 사이 엘리베이터 탑승","6) (1F) 4번/ 5번 exit between elevator board"
"movements_translations_2.json","6) (1F) 1번, 12번 출입구 엘리베이터 탑승","6) (1F) 1번, 12번 exit elevator board"
"movements_translations_2.json","8) 우이신설선 승강장 방면 엘리베이터 탑승","8) 우이신설선 platform  direction elevator board"
"movements_translations_2.json","9) (B2) 우이신설선 승강장으로 이동","9) (B2) 우이신설선 platformto move"
"movements_translations_2.json","4) (B3) 양천구청 방면 승강장으로 이동","4) (B3) Move to the 양천구청-bound platform"
"movements_translations_2.json","4) 도림천 방면 엘리베이터 탑승","4) Take the elevator to 도림천 direction"
"movements_translations_2.json","5) (B2) 도림천 방면 승강장으로 이동","5) (B2) Move to the 도림천-bound platform"
"movements_translations_2.json","4) 신정네거리 방면 엘리베이터 탑승","4) Take the elevator to 신정네거리 direction"
"movements_translations_2.json","5) (B2) 신정네거리 방면 승강장으로 이동","5) (B2) Move to the 신정네거리-bound platform"
"movements_translations_2.json","3) 양천구청 방면 엘리베이터 앞 표 내는 곳 통과","3) 양천구청  direction elevator 앞 표 내는 곳 pass through"
"movements_translations_2.json","4) 양천구청 방면 엘리베이터 탑승","4) Take the elevator to 양천구청 direction"
"movements_translations_2.json","5) (B3) 양천구청 방면 승강장으로 이동","5) (B3) Move to the 양천구청-bound platform"
"movements_translations_2.json","3) 까치산 방면 엘리베이터 앞 표 내는 곳 통과","3) 까치산  direction elevator 앞 표 내는 곳 pass through"
"movements_translations_2.json","4) 까치산 방면 엘리베이터 탑승","4) Take the elevator to 까치산 direction"
"movements_translations_2.json","5) (B3) 까치산 방면 승강장으로 이동","5) (B3) Move to the 까치산-bound platform"
"movements_translations_2.json","2) 대합실 표 내는 곳 통과","2) concourse 표 내는 곳 pass through"
"movements_translations_2.json","4) (2F) 삼송 방면 승강장으로 이동","4) (2F) Move to the 삼송-bound platform"
"movements_translations_2.json","4) (2F) 구파발 방면 승강장으로 이동","4) (2F) Move to the 구파발-bound platform"
"movements_translations_2.json","5) (B2) 지축 방면 승강장으로 이동","5) (B2) Move to the 지축-bound platform"
"movements_translations_2.json","5) (B2) 연신내 방면 승강장으로 이동","5) (B2) Move to the 연Sinnae-bound platform"
"movements_translations_2.json","1) (1F) 6번출구 옆 엘리베이터 탑승","1) (1F) 6번출구 near elevator board"
"movements_translations_2.json","5) (B2) 구파발 방면 승강장으로 이동","5) (B2) Move to the 구파발-bound platform"
"movements_translations_2.json","5) (B2) 불광 방면 승강장으로 이동","5) (B2) Move to the 불광-bound platform"
"movements_translations_2.json","1) (B2) 3호선 구파발 방면 승강장 하차","1) (B2) Exit at Line 3 구파발-bound platform"
"movements_translations_2.json","4) 6호선 대합실로 이동","4) 6Line  concourse로 move"
"movements_translations_2.json","6) (B5) 6호선 구산 방면 승강장으로 이동","6) (B5) Move to Line 6 구산-bound platform"
"movements_translations_2.json","1) (B2) 3호선 불광 방면 승강장 하차","1) (B2) Exit at Line 3 불광-bound platform"
"movements_translations_2.json","3) 연신내 방면 엘리베이터 앞 표 내는 곳 통과","3) 연Sinnae  direction elevator 앞 표 내는 곳 pass through"
"movements_translations_2.json","4) 연신내 방면 엘리베이터 탑승","4) Take the elevator to 연Sinnae direction"
"movements_translations_2.json","3) 녹번 방면 엘리베이터 앞 표 내는 곳 통과","3) 녹번  direction elevator 앞 표 내는 곳 pass through"
"movements_translations_2.json","4) 녹번 방면 엘리베이터 탑승","4) Take the elevator to 녹번 direction"
"movements_translations_2.json","5) (B2) 녹번 방면 승강장으로 이동","5) (B2) Move to the 녹번-bound platform"
"movements_translations_2.json","3)  6호선 대합실 방향 엘리베이터 앞 표 내는 곳 통과 후 엘리베이터 탑승","3)  6Line  concourse direction elevator 앞 표 내는 곳 pass through 후 elevator board"
"movements_translations_2.json","5) 3호선 환승통로 방향 휠체어리프트 탑승","5) 3Line  환승통로 direction 휠체어리프트 board"
"movements_translations_2.json","6) (B2) 3호선 환승통로 이동","6) (B2) 3Line  환승통로 move"
"movements_translations_2.json","7) 연신내 방면 승강장으로 이동","7) 연Sinnae  direction platformto move"
"movements_translations_2.json","10) 녹번 방면 엘리베이터 앞 표내는 곳 통과 후 엘리베이터 탑승","10) 녹번  direction elevator 앞 표내는 곳 pass through 후 elevator board"
"movements_translations_2.json","11) (B2) 녹번 방면 승강장으로 이동","11) (B2) Move to the 녹번-bound platform"
"movements_translations_2.json","1) (B2) 3호선 연신내 방면 승강장 하차","1) (B2) Exit at Line 3 연Sinnae-bound platform"
"movements_translations_2.json","3) 6호선 대합실 방향 휠체어리프트 탑승","3) 6Line  concourse direction 휠체어리프트 board"
"movements_translations_2.json","6) (B4) 6호선 독바위 방면 승강장으로 이동","6) (B4) Move to Line 6 독바위-bound platform"
"movements_translations_2.json","1) (B2) 3호선 녹번 방면 승강장 하차","1) (B2) Exit at Line 3 녹번-bound platform"
"movements_translations_2.json","5) (B2) 홍제 방면 승강장으로 이동","5) (B2) Move to the 홍제-bound platform"
"movements_translations_2.json","5) (B2) 무악재 방면 승강장으로 이동","5) (B2) Move to the 무악재-bound platform"
"movements_translations_2.json","4) 홍제 방면 엘리베이터 탑승","4) Take the elevator to 홍제 direction"
"movements_translations_2.json","5) (B3) 홍제 방면 승강장으로 이동","5) (B3) Move to the 홍제-bound platform"
"movements_translations_2.json","4) 독립문 방면 엘리베이터 탑승","4) Take the elevator to 독립문 direction"
"movements_translations_2.json","5) (B3) 독립문 방면 승강장으로 이동","5) (B3) Move to the 독립문-bound platform"
"movements_translations_2.json","5) (B3) 무악재 방면 승강장으로 이동","5) (B3) Move to the 무악재-bound platform"
"movements_translations_2.json","5) (B3) 경복궁 방면 승강장으로 이동","5) (B3) Move to the 경복궁-bound platform"
"movements_translations_2.json","5) (B3) 안국 방면 승강장으로 이동","5) (B3) Move to the 안국-bound platform"
"movements_translations_2.json","1) (1F) 5,6번 출입구 사이 엘리베이터 탑승","1) (1F) 5,6번 exit between elevator board"
"movements_translations_2.json","5) (B4) 경복궁 방면 승강장으로 이동","5) (B4) Move to the 경복궁-bound platform"
"movements_translations_2.json","2) (B3) 표 내는 곳 통과 후 3호선 승강장 방향 엘리베이터 로 이동","2) (B3) Pass through the ticket gate 후 3Line  platform direction elevator 로 move"
"movements_translations_2.json","4) (B4) 안국 방면 승강장으로 이동","4) (B4) Move to the 안국-bound platform"
"movements_translations_2.json","4) (B4) 을지로 3가 방면 승강장으로 이동","4) (B4) 을지로 3가  direction platformto move"
"movements_translations_2.json","2) 2-1번 출입구 지하1층 엘리베이터 하차","2) 2-1번 exit B1 elevator exit"
"movements_translations_2.json","3) (B1) 1호선 종로3가(1)역 대합실로 이동","3) (B1) 1Line  Jongno 3-ga(1)역 concourse로 move"
"movements_translations_2.json","4) 1호선 종로3가(1)역 청량리방면 지하1층 엘리베이터 탑승","4) 1Line  Jongno 3-ga(1)역 Cheongnyangni direction B1 elevator board"
"movements_translations_2.json","5) 1호선 종로3가(1)역 청량리방면 지하2층 엘리베이터 하차","5) 1Line  Jongno 3-ga(1)역 Cheongnyangni direction B2 elevator exit"
"movements_translations_2.json","6) 환승통로 이동 3호선 종로3가(3)역 지하2층 엘리베이터 탑승","6) 환승통로 move 3Line  Jongno 3-ga(3)역 B2 elevator board"
"movements_translations_2.json","7) 지하4층 안국 방향 승강장 도착","7) B4 안국 direction platform 도착"
"movements_translations_2.json","7) 지하4층 을지로3가 방향 승강장 도착","7) B4 Euljiro 3-ga direction platform 도착"
"movements_translations_2.json","1) (B4) 3호선 안국 방면 승강장 하차","1) (B4) Exit at Line 3 안국-bound platform"
"movements_translations_2.json","3) (B2) 환승통로 이용하여 1호선 종로5가 방면 승강장으로 이동","3) (B2) 환승통로 이용하여 1Line  Jongno 5-ga  direction platformto move"
"movements_translations_2.json","3) (B2) 환승통로 이동","3) (B2) 환승통로 move"
"movements_translations_2.json","1) (B4) 3호선 을지로 3가 방면 승강장 하차","1) (B4) 3Line  을지로 3가  direction platform exit"
"movements_translations_2.json","7) (B5) 5호선 광화문 방면 승강장으로 이동","7) (B5) Move to Line 5 광화문-bound platform"
"movements_translations_2.json","5) (B3) 충무로 방면 승강장으로 이동","5) (B3) Move to the 충무로-bound platform"
"movements_translations_2.json","3) 환승통로 이동","3) 환승통로 move"
"movements_translations_2.json","6) (B3) 충무로 방면 승강장으로 이동","6) (B3) Move to the 충무로-bound platform"
"movements_translations_2.json","4) 2호선 환승통로로 이동","4) 2Line  환승통로로 move"
"movements_translations_2.json","1) (B3) 3호선 충무로 방면 승강장 하차","1) (B3) Exit at Line 3 충무로-bound platform"
"movements_translations_2.json","7) (B4) 동대입구 방면 승강장으로 이동","7) (B4) Move to the 동대입구-bound platform"
"movements_translations_2.json","2) 4호선 명동 방면 엘리베이터 탑승","2) Take the elevator to Line 4 명동 direction"
"movements_translations_2.json","3) (B3) 4호선 명동 방면 승강장으로 이동","3) (B3) Move to Line 4 명동-bound platform"
"movements_translations_2.json","1) (B4) 3호선 동대입구 방면 승강장 하차","1) (B4) Exit at Line 3 동대입구-bound platform"
"movements_translations_2.json","5) (B3) 약수 방면 승강장으로 이동","5) (B3) Move to the 약수-bound platform"
"movements_translations_2.json","5) (B2) 동대입구 방면 승강장으로 이동","5) (B2) Move to the 동대입구-bound platform"
"movements_translations_2.json","5) (B2) 금호 방면 승강장으로 이동","5) (B2) Move to the 금호-bound platform"
"movements_translations_2.json","1) (B2) 3호선 동대입구 방면 승강장 하차","1) (B2) Exit at Line 3 동대입구-bound platform"
"movements_translations_2.json","4) 9번 출입구 방향 표 내는 곳 통과","4) 9번 exit direction 표 내는 곳 pass through"
"movements_translations_2.json","5) 6호선 환승 엘리베이터 탑승","5) 6Line  환승 elevator board"
"movements_translations_2.json","6) 6호선 대합실로 이동","6) 6Line  concourse로 move"
"movements_translations_2.json","8) (B3) 6호선 버티고개 방면 승강장으로 이동","8) (B3) Move to Line 6 버티고개-bound platform"
"movements_translations_2.json","10) 6호선 청구 방면 엘리베이터 탑승","10) Take the elevator to Line 6 청구 direction"
"movements_translations_2.json","11) (B3) 6호선 청구 방면 승강장으로 이동","11) (B3) Move to Line 6 청구-bound platform"
"movements_translations_2.json","1) (B2) 3호선 금호 방면 승강장 하차","1) (B2) Exit at Line 3 금호-bound platform"
"movements_translations_2.json","5) (B2) 약수 방면 승강장으로 이동","5) (B2) Move to the 약수-bound platform"
"movements_translations_2.json","5) (B2) 옥수 방면 승강장으로 이동","5) (B2) Move to the 옥수-bound platform"
"movements_translations_2.json","3) 3번/4번 출입구 방향 표 내는 곳 통과","3) 3번/4번 exit direction 표 내는 곳 pass through"
"movements_translations_2.json","4) 금호 방면 엘리베이터 탑승","4) Take the elevator to 금호 direction"
"movements_translations_2.json","5) (4F) 금호 방면 승강장으로 이동","5) (4F) Move to the 금호-bound platform"
"movements_translations_2.json","1) (4F) 3호선 금호 방면 승강장 하차","1) (4F) Exit at Line 3 금호-bound platform"
"movements_translations_2.json","4) 경의중앙선 환승통로로 이동","4) 경의Jungang선 환승통로로 move"
"movements_translations_2.json","5) 경의중앙선 한남 방면 엘리베이터 탑승","5) 경의Jungang선 한남  direction elevator board"
"movements_translations_2.json","6) (1F) 경의중앙선 한남 방면 승강장으로 이동","6) (1F) 경의Jungang선 한남  direction platformto move"
"movements_translations_2.json","5) 경의중앙선 응봉 방면 엘리베이터 탑승","5) 경의Jungang선 응봉  direction elevator board"
"movements_translations_2.json","6) (1F) 경의중앙선 응봉 방면 승강장으로 이동","6) (1F) 경의Jungang선 응봉  direction platformto move"
"movements_translations_2.json","3) 옥수 방면 엘리베이터 앞 표 내는 곳 통과","3) 옥수  direction elevator 앞 표 내는 곳 pass through"
"movements_translations_2.json","4) 옥수 방면 엘리베이터 탑승","4) Take the elevator to 옥수 direction"
"movements_translations_2.json","3) 신사 방면 엘리베이터 앞 표 내는 곳 통과","3) Sinsa  direction elevator 앞 표 내는 곳 pass through"
"movements_translations_2.json","2) 3호선 승강장 9번칸에 위치한 환승 대합실로 이동 후  환승게이트 통과","2) 3Line  platform 9번칸에 위치한 환승 concourse로 move 후  환승게이트 pass through"
"movements_translations_2.json","3) 신분당선 논현방면 엘리베이터 탑승  ","3) 신분당선 논현 direction elevator board  "
"movements_translations_2.json","4) (B4) 신분당선 논현 방면 승강장으로 이동","4) (B4) 신분당선 논현  direction platformto move"
"movements_translations_2.json","2) 3호선 승강장 2번칸에 위치한 환승 대합실로 이동 후 환승 게이트 통과 ","2) 3Line  platform 2번칸에 위치한 환승 concourse로 move 후 환승 게이트 pass through "
"movements_translations_2.json","3) 신분당선 논현방면 엘리베이터 탑승 ","3) 신분당선 논현 direction elevator board "
"movements_translations_2.json","1) 1번 출입구 지상1층 엘리베이터 탑승","1) 1번 exit 1F elevator board"
"movements_translations_2.json","2) 대합실(B2)로 이동 후 게이트 통과","2) concourse(B2)로 move 후 게이트 pass through"
"movements_translations_2.json","3) 환승게이트 통과","3) 환승게이트 pass through"
"movements_translations_2.json","4) 오른쪽 무빙워크통로 이용 후 왼쪽으로 유턴","4) 오른쪽 무빙워크통로 이용 후 왼쪽to 유턴"
"movements_translations_2.json","4) 7호선 환승통로 휠체어리프트 탑승","4) 7Line  환승통로 휠체어리프트 board"
"movements_translations_2.json","5) 7호선 대합실로  이동","5) 7Line  concourse로  move"
"movements_translations_2.json","6) 7호선 반포 방면 엘리베이터 탑승","6) Take the elevator to Line 7 반포 direction"
"movements_translations_2.json","7) (B3) 7호선 반포 방면 승강장으로 이동","7) (B3) Move to Line 7 반포-bound platform"
"movements_translations_2.json","4) 9호선 사평 방면 환승 엘리베이터 탑승","4) 9Line  사평  direction 환승 elevator board"
"movements_translations_2.json","5) (B5) 9호선 사평 방면 승강장으로 이동","5) (B5) Move to Line 9 사평-bound platform"
"movements_translations_2.json","4) 9호선  환승 엘리베이터 탑승","4) 9Line   환승 elevator board"
"movements_translations_2.json","6) 9호선  신반포 방면 엘리베이터 탑승","6) Take the elevator to Line 9 신반포 direction"
"movements_translations_2.json","7) (B5) 9호선 신반포 방면 승강장으로 이동","7) (B5) Move to Line 9 신반포-bound platform"
"movements_translations_2.json","3) 3호선 대합실 방향 휠체어리프트 탑승","3) 3Line  concourse direction 휠체어리프트 board"
"movements_translations_2.json","7) (B3) 남부터미널 방면 승강장으로 이동","7) (B3) Move to the 남부터미널-bound platform"
"movements_translations_2.json","5) (B3) 남부터미널 방면 승강장으로 이동","5) (B3) Move to the 남부터미널-bound platform"
"movements_translations_2.json","5) (B1) 13번 출구로 이동","5) (B1) 13번 출구로 move"
"movements_translations_2.json","6) 13번 출입구 옆 엘리베이터 탑승 후 지상으로 이동","6) 13번 exit near elevator board 후 지상to move"
"movements_translations_2.json","9) 강남 방면 엘리베이터 앞 표 내는 곳 통과","9) Gangnam  direction elevator 앞 표 내는 곳 pass through"
"movements_translations_2.json","9) 서초 방면 엘리베이터 앞 표 내는 곳 통과","9) Seocho  direction elevator 앞 표 내는 곳 pass through"
"movements_translations_2.json","1) (B3) 3호선 남부터미널 방면 승강장 하차","1) (B3) Exit at Line 3 남부터미널-bound platform"
"movements_translations_2.json","4) 양재 방면 엘리베이터 탑승","4) Take the elevator to 양재 direction"
"movements_translations_2.json","5) (B3) 양재 방면 승강장으로 이동","5) (B3) Move to the 양재-bound platform"
"movements_translations_2.json","4) 남부터미널 방면 엘리베이터 탑승","4) Take the elevator to 남부터미널 direction"
"movements_translations_2.json","5) (B2) 남부터미널 방면 승강장으로 이동","5) (B2) Move to the 남부터미널-bound platform"
"movements_translations_2.json","4) 매봉 방면 엘리베이터 탑승","4) Take the elevator to 매봉 direction"
"movements_translations_2.json","5) (B2) 매봉 방면 승강장으로 이동","5) (B2) Move to the 매봉-bound platform"
"movements_translations_2.json","1) (B2) 3호선 남부터미널 방면 승강장 하차","1) (B2) Exit at Line 3 남부터미널-bound platform"
"movements_translations_2.json","2) 신분당선 방향 환승 엘리베이터 탑승","2) 신분당선 direction 환승 elevator board"
"movements_translations_2.json","4) 신분당선 대합실 표 내는 곳 통과","4) 신분당선 concourse 표 내는 곳 pass through"
"movements_translations_2.json","6) (B4) 신분당선 강남 방면 승강장으로 이동","6) (B4) 신분당선 Gangnam  direction platformto move"
"movements_translations_2.json","5) 양재시민의숲 방면 엘리베이터 탑승","5) Take the elevator to 양재시민의숲 direction"
"movements_translations_2.json","6) (B4) 신분당선 양재시민의숲 방면 승강장으로 이동","6) (B4) 신분당선 양재시민의숲  direction platformto move"
"movements_translations_2.json","1) (B2) 3호선 매봉 방면 승강장 하차","1) (B2) Exit at Line 3 매봉-bound platform"
"movements_translations_2.json","5) (B2) 양재 방면 승강장으로 이동","5) (B2) Move to the 양재-bound platform"
"movements_translations_2.json","4) 도곡 방면 엘리베이터 탑승","4) Take the elevator to 도곡 direction"
"movements_translations_2.json","5) (B2) 도곡 방면 승강장으로 이동","5) (B2) Move to the 도곡-bound platform"
"movements_translations_2.json","6) 매봉 방면 승강장으로 이동","6) 매봉  direction platformto move"
"movements_translations_2.json","4) 대치 방면 승강장으로 이동","4) 대치  direction platformto move"
"movements_translations_2.json","1) (B4) 3호선 매봉 방면 승강장 하차","1) (B4) Exit at Line 3 매봉-bound platform"
"movements_translations_2.json","2) 수인분당선 방향 환승 엘리베이터 탑승","2) 수인분당선 direction 환승 elevator board"
"movements_translations_2.json","3) (B6) 수인분당선 한티 방면 승강장으로 이동","3) (B6) 수인분당선 한티  direction platformto move"
"movements_translations_2.json","3) (B6) 수인분당선 구룡 방면 승강장으로 이동","3) (B6) 수인분당선 구룡  direction platformto move"
"movements_translations_2.json","1) (B4) 3호선 대치 방면 승강장 하차","1) (B4) Exit at Line 3 대치-bound platform"
"movements_translations_2.json","5) (B3) 도곡 방면 승강장으로 이동","5) (B3) Move to the 도곡-bound platform"
"movements_translations_2.json","5) (B3) 학여울 방면 승강장으로 이동","5) (B3) Move to the 학여울-bound platform"
"movements_translations_2.json","4) 대치 방면 엘리베이터 탑승","4) Take the elevator to 대치 direction"
"movements_translations_2.json","5) (B5) 대치 방면 승강장으로 이동","5) (B5) Move to the 대치-bound platform"
"movements_translations_2.json","4) 대청 방면 엘리베이터 탑승","4) Take the elevator to 대청 direction"
"movements_translations_2.json","5) (B5) 대청 방면 승강장으로 이동","5) (B5) Move to the 대청-bound platform"
"movements_translations_2.json","3) 학여울 방면 엘리베이터 앞 표 내는 곳 통과","3) 학여울  direction elevator 앞 표 내는 곳 pass through"
"movements_translations_2.json","4) 학여울 방면 엘리베이터 탑승","4) Take the elevator to 학여울 direction"
"movements_translations_2.json","3) 일원 방면 엘리베이터 앞 표 내는 곳 통과","3) 일원  direction elevator 앞 표 내는 곳 pass through"
"movements_translations_2.json","4) 일원 방면 엘리베이터 탑승","4) Take the elevator to 일원 direction"
"movements_translations_2.json","5) (B3) 일원 방면 승강장으로 이동","5) (B3) Move to the 일원-bound platform"
"movements_translations_2.json","3) 대청 방면 엘리베이터 앞 표 내는 곳 통과","3) 대청  direction elevator 앞 표 내는 곳 pass through"
"movements_translations_2.json","5) (B3) 대청 방면 승강장으로 이동","5) (B3) Move to the 대청-bound platform"
"movements_translations_2.json","3) 수서 방면 엘리베이터 앞 표 내는 곳 통과","3) 수서  direction elevator 앞 표 내는 곳 pass through"
"movements_translations_2.json","4) 수서 방면 엘리베이터 탑승","4) Take the elevator to 수서 direction"
"movements_translations_2.json","5) (B3) 수서 방면 승강장으로 이동","5) (B3) Move to the 수서-bound platform"
"movements_translations_2.json","5) (B2) 일원 방면 승강장으로 이동","5) (B2) Move to the 일원-bound platform"
"movements_translations_2.json","1) (B2) 3호선 일원 방면 승강장 하차","1) (B2) Exit at Line 3 일원-bound platform"
"movements_translations_2.json","2) 수인분당선 환승통로 방향 휠체어리프트 탑승","2) 수인분당선 환승통로 direction 휠체어리프트 board"
"movements_translations_2.json","5) 수인분당선 대합실로 이동","5) 수인분당선 concourse로 move"
"movements_translations_2.json","6) 수인분당선 대모산입구 방면 엘리베이터 탑승","6) 수인분당선 대모산입구  direction elevator board"
"movements_translations_2.json","7) (B4) 수인분당선 대모산입구 방면 승강장으로 이동","7) (B4) 수인분당선 대모산입구  direction platformto move"
"movements_translations_2.json","6) 수인분당선 복정 방면 엘리베이터 탑승","6) 수인분당선 Bokjeong  direction elevator board"
"movements_translations_2.json","7) (B4) 수인분당선 복정 방면 승강장으로 이동","7) (B4) 수인분당선 Bokjeong  direction platformto move"
"movements_translations_2.json","5) (B4) 수서 방면 승강장으로 이동","5) (B4) Move to the 수서-bound platform"
"movements_translations_2.json","4) 경찰병원 방면 엘리베이터 탑승","4) Take the elevator to 경찰병원 direction"
"movements_translations_2.json","5) (B4) 경찰병원 방면 승강장으로 이동","5) (B4) Move to the 경찰병원-bound platform"
"movements_translations_2.json","6) 수서 방면 엘리베이터 탑승","6) Take the elevator to 수서 direction"
"movements_translations_2.json","7) (B4) 수서 방면 승강장으로 이동","7) (B4) Move to the 수서-bound platform"
"movements_translations_2.json","6) 경찰병원 방면 엘리베이터 탑승","6) Take the elevator to 경찰병원 direction"
"movements_translations_2.json","7) (B4) 경찰병원 방면 승강장으로 이동","7) (B4) Move to the 경찰병원-bound platform"
"movements_translations_2.json","1) (B4) 3호선 수서 방면 승강장 하차","1) (B4) Exit at Line 3 수서-bound platform"
"movements_translations_2.json","1) (B4) 3호선 경찰병원 방면 승강장 하차","1) (B4) Exit at Line 3 경찰병원-bound platform"
"movements_translations_2.json","4) 오금 방면 엘리베이터 탑승","4) Take the elevator to 오금 direction"
"movements_translations_2.json","5) (B3) 오금 방면 승강장으로 이동","5) (B3) Move to the 오금-bound platform"
"movements_translations_2.json","1) (B4) 3호선 오금역(종착역) 승강장 하차","1) (B4) 3Line  오금역(종착역) platform exit"
"movements_translations_2.json","5) 5호선 방이 방면 엘리베이터 탑승","5) Take the elevator to Line 5 방이 direction"
"movements_translations_2.json","6) (B2) 5호선 방이 방면 승강장으로 이동","6) (B2) Move to Line 5 방이-bound platform"
"movements_translations_2.json","1) (B4) 3호선 오금역(종착역) 방면 승강장 하차","1) (B4) Exit at Line 3 오금역(종착역)-bound platform"
"movements_translations_2.json","5) 5호선 개롱 방면 엘리베이터 탑승","5) Take the elevator to Line 5 개롱 direction"
"movements_translations_2.json","6) (B2) 5호선 개롱 방면 승강장으로 이동","6) (B2) Move to Line 5 개롱-bound platform"
"movements_translations_2.json","1) (B4) 3호선 경찰병원 승강장 이동","1) (B4) 3Line  경찰병원 platform move"
"movements_translations_2.json","4) 별내별가람 방면 엘리베이터 앞 표 내는 곳 통과","4) 별내별가람  direction elevator 앞 표 내는 곳 pass through"
"movements_translations_2.json","5) 별내별가람 방면 엘리베이터 탑승","5) Take the elevator to 별내별가람 direction"
"movements_translations_2.json","6) (3F) 별내별가람 방면 승강장으로 이동","6) (3F) Move to the 별내별가람-bound platform"
"movements_translations_2.json","4) 상계 방면 엘리베이터 앞 표 내는 곳 통과","4) Sanggye  direction elevator 앞 표 내는 곳 pass through"
"movements_translations_2.json","1) (1F) 5번 출입구 대합실로 이동","1) (1F) 5번 exit concourse로 move"
"movements_translations_2.json","5) 4호선 2번 출입구 옆 엘리베이터 탑승","5) 4Line  2번 exit near elevator board"
"movements_translations_2.json","6) (F1) 7호선 3번 출입구 옆 엘리베이터 이동","6) (F1) 7Line  3번 exit near elevator move"
"movements_translations_2.json","7) 3번 출입구 옆 엘리베이터 탑승","7) 3번 exit near elevator board"
"movements_translations_2.json","10) (B3) 7호선 마들 방면 승강장 이동","10) (B3) 7Line  마들  direction platform move"
"movements_translations_2.json","10) (B3) 7호선 중계 방면 승강장 이동","10) (B3) 7Line  중계  direction platform move"
"movements_translations_2.json","4) 쌍문 방면 엘리베이터 탑승","4) Take the elevator to 쌍문 direction"
"movements_translations_2.json","5) (3F) 쌍문 방면 승강장으로 이동","5) (3F) Move to the 쌍문-bound platform"
"movements_translations_2.json","4) 쌍문 방면 엘리베이터 탑승                                            ","4) Take the elevator to 쌍문 direction                                            "
"movements_translations_2.json","5) (3F) 4호선 쌍문 방면 승강장으로 이동                              ","5) (3F) Move to Line 4 쌍문-bound platform                              "
"movements_translations_2.json","8) 승차(휠체어칸","8) board(휠체어칸"
"movements_translations_2.json","1) (3F) 4호선 쌍문 방면 승강장 하차                                                                 ","1) (3F) Exit at Line 4 쌍문-bound platform                                                                 "
"movements_translations_2.json","3) 창동 방면 엘리베이터 앞 표 내는 곳 통과","3) Changdong  direction elevator 앞 표 내는 곳 pass through"
"movements_translations_3.json","3) 수유 방면 엘리베이터 앞 표 내는 곳 통과","3) Suyu  direction elevator 앞 표 내는 곳 pass through"
"movements_translations_3.json","3) 쌍문 방면 엘리베이터 앞 표 내는 곳 통과","3) 쌍문  direction elevator 앞 표 내는 곳 pass through"
"movements_translations_3.json","5) (B2) 쌍문 방면 승강장으로 이동","5) (B2) Move to the 쌍문-bound platform"
"movements_translations_3.json","3) 미아 방면 엘리베이터 앞 표 내는 곳 통과","3) Mia  direction elevator 앞 표 내는 곳 pass through"
"movements_translations_3.json","3) 미아사거리 방면 엘리베이터 앞 표 내는 곳 통과","3) Mia사거리  direction elevator 앞 표 내는 곳 pass through"
"movements_translations_3.json","4) 미아사거리 방면 엘리베이터 탑승","4) Take the elevator to Mia사거리 direction"
"movements_translations_3.json","5) (B2) 미아사거리 방면 승강장으로 이동","5) (B2) Move to the Mia사거리-bound platform"
"movements_translations_3.json","3) 길음 방면 엘리베이터 앞 표 내는 곳 통과","3) Gireum  direction elevator 앞 표 내는 곳 pass through"
"movements_translations_3.json","2) 우이신설선 대합실로 이동","2) 우이신설선 concourse로 move"
"movements_translations_3.json","3) 우이신설선 정릉 방면 엘리베이터 탑승","3) 우이신설선 정릉  direction elevator board"
"movements_translations_3.json","4) (B4) 우이신설선 정릉 방면 승강장으로 이동","4) (B4) 우이신설선 정릉  direction platformto move"
"movements_translations_3.json","3) 우이신설선 보문 방면 엘리베이터 탑승","3) 우이신설선 Bomun  direction elevator board"
"movements_translations_3.json","4) (B4) 우이신설선 보문 방면 승강장으로 이동","4) (B4) 우이신설선 Bomun  direction platformto move"
"movements_translations_3.json","3) 우이신설선 방향 환승 엘리베이터 탑승","3) 우이신설선 direction 환승 elevator board"
"movements_translations_3.json","5) 우이신설선 보문 방면 승강장으로 이동","5) 우이신설선 Bomun  direction platformto move"
"movements_translations_3.json","8) 우이신설선 정릉 방면 엘리베이터 탑승","8) 우이신설선 정릉  direction elevator board"
"movements_translations_3.json","9) (B4) 우이신설선 정릉 방면 승강장으로 이동","9) (B4) 우이신설선 정릉  direction platformto move"
"movements_translations_3.json","3) 한성대입구 방면 엘리베이터 앞 표 내는 곳 통과","3) Hansung Univ.  direction elevator 앞 표 내는 곳 pass through"
"movements_translations_3.json","3) 동대문 방면 엘리베이터 앞 표 내는 곳 통과","3) Dongdaemun  direction elevator 앞 표 내는 곳 pass through"
"movements_translations_3.json","1) 9번 출입구 엘리베이터 탑승하여 지하1층 대합실로 이동","1) 9번 exit elevator board하여 B1 concourse로 move"
"movements_translations_3.json","2) 고객안전실 앞 게이트(8번출구 방향) 통과 후, 엘리베이터를 탑승","2) 고객안전실 앞 게이트(8번출구 direction) pass through 후, elevator를 board"
"movements_translations_3.json","3) 지하4층에서 하차하여  동대문역사문화공원 방면 승강장 이동","3) B4at exit하여  Dongdaemun History & Culture Park  direction platform move"
"movements_translations_3.json","3) 지하4층에서 하차하여 혜화 방면 승강장 이동","3) B4at exit하여 Hyehwa  direction platform move"
"movements_translations_3.json","4) 1호선 환승통로 방향 엘리베이터 탑승","4) 1Line  환승통로 direction elevator board"
"movements_translations_3.json","8) 승차 (1-4, 4-1 휠체어칸)","8) board (1-4, 4-1 휠체어칸)"
"movements_translations_3.json","1) 1번 출입구 옆 지상 1층 엘리베이터 탑승","1) 1번 exit near 1F elevator board"
"movements_translations_3.json","3) 지하1층 9번,10번 출구 옆 표내는곳 통과 후 좌측 20M이동","3) B1 9번,10번 출구 near 표내는곳 pass through 후 좌측 20Mmove"
"movements_translations_3.json","6) 충무로방면 승강장 이동","6) 충무로 direction platform move"
"movements_translations_3.json","1)  4번 출입구 옆 지상1층 엘리베이터 탑승","1)  4번 exit near 1F elevator board"
"movements_translations_3.json","4) 2호선 대합실로 이동","4) 2Line  concourse로 move"
"movements_translations_3.json","1) (B3) 4호선 충무로 방면 승강장 하차","1) (B3) Exit at Line 4 충무로-bound platform"
"movements_translations_3.json","2) 5호선 방향 환승 엘리베이터 탑승","2) 5Line  direction 환승 elevator board"
"movements_translations_3.json","3) (B5) 5호선 청구 방면 승강장으로 이동","3) (B5) Move to Line 5 청구-bound platform"
"movements_translations_3.json","4) 명동 방면 엘리베이터 탑승","4) Take the elevator to 명동 direction"
"movements_translations_3.json","5) (B3) 명동 방면 승강장으로 이동","5) (B3) Move to the 명동-bound platform"
"movements_translations_3.json","5) (B4) 3호선 동대입구 방면 승강장으로 이동","5) (B4) Move to Line 3 동대입구-bound platform"
"movements_translations_3.json","1) (B3) 4호선 명동 방면 승강장 하차","1) (B3) Exit at Line 4 명동-bound platform"
"movements_translations_3.json","2) (B3) 4호선 명동역 방면 승강장 7-2 출입문 앞 엘리베이터 탑승","2) (B3) 4Line  명동역  direction platform 7-2 출입문 앞 elevator board"
"movements_translations_3.json","3) (B4) 3호선 동대입구 방면 승강장으로 이동","3) (B4) Move to Line 3 동대입구-bound platform"
"movements_translations_3.json","4) (B4) 충무로 방면 승강장으로 이동","4) (B4) Move to the 충무로-bound platform"
"movements_translations_3.json","4) (B4) 회현 방면 승강장으로 이동","4) (B4) Move to the 회현-bound platform"
"movements_translations_3.json","1) (1F) 4, 5번 출구 사이 중앙 엘리베이터 탑승","1) (1F) 4, 5번 출구 between Jungang elevator board"
"movements_translations_3.json","5) (B4) 명동 방면 승강장으로 이동","5) (B4) Move to the 명동-bound platform"
"movements_translations_3.json","5) (B2) 회현 방면 승강장으로 이동","5) (B2) Move to the 회현-bound platform"
"movements_translations_3.json","5) (B2) 숙대입구 방면 승강장으로 이동","5) (B2) Move to the 숙대입구-bound platform"
"movements_translations_3.json","1) (B2) 4호선 회현 방면 승강장 하차","1) (B2) Exit at Line 4 회현-bound platform"
"movements_translations_3.json","5) 1호선 대합실로 이동","5) 1Line  concourse로 move"
"movements_translations_3.json","1) (B2) 4호선 숙대입구 방면 승강장 하차","1) (B2) Exit at Line 4 숙대입구-bound platform"
"movements_translations_3.json","2) 회현방면 승강장 9-1 부근 엘리베이터 탑승","2) 회현 direction platform 9-1 부근 elevator board"
"movements_translations_3.json","5) 2번출구 외부 1호기 엘리베이터로 이동","5) 2번출구 외부 1호기 elevator로 move"
"movements_translations_3.json","6) 외부 1호기 엘리베이터로 (1F) 지상 이동","6) 외부 1호기 elevator로 (1F) 지상 move"
"movements_translations_3.json","7) (1F) 지상에서 (2F) 경의중앙선 역사로 이동 (경의중앙선에서는 지상 대합실을 2층, 승강장을 1층으로 구분)","7) (1F) 지상at (2F) 경의Jungang선 역사로 move (경의Jungang선at는 지상 concourse을 2층, platform을 1층to 구분)"
"movements_translations_3.json","8) (2F) 경의중앙선 역사에서 승강장 엘리베이터 탑승","8) (2F) 경의Jungang선 역사at platform elevator board"
"movements_translations_3.json","9) (1F) 경의중앙선 신촌 방면 승강장으로 이동","9) (1F) 경의Jungang선 Sinchon  direction platformto move"
"movements_translations_3.json","2) 숙대입구 방면 승강장 2-3 부근 엘리베이터 탑승","2) 숙대입구  direction platform 2-3 부근 elevator board"
"movements_translations_3.json","4) 공항철도 방향 대합실로 이동","4) 공항철도 direction concourse로 move"
"movements_translations_3.json","5) 공항철도 방향 엘리베이터 탑승","5) 공항철도 direction elevator board"
"movements_translations_3.json","6) (B3) 환승 대합실로 이동","6) (B3) 환승 concourse로 move"
"movements_translations_3.json","7) 공항철도 방향 환승통로로 이동","7) 공항철도 direction 환승통로로 move"
"movements_translations_3.json","8) (B3) 공항철도 대합실로 이동","8) (B3) 공항철도 concourse로 move"
"movements_translations_3.json","9) 공항철도 공덕 방면 엘리베이터 탑승","9) 공항철도 공덕  direction elevator board"
"movements_translations_3.json","10) (B7) 공항철도 공덕 방면 승강장으로 이동","10) (B7) 공항철도 공덕  direction platformto move"
"movements_translations_3.json","3) 서울역 방면 엘리베이터 앞 표 내는 곳 통과","3) Seoul Station  direction elevator 앞 표 내는 곳 pass through"
"movements_translations_3.json","3) 삼각지 방면 엘리베이터 앞 표 내는 곳 통과","3) 삼각지  direction elevator 앞 표 내는 곳 pass through"
"movements_translations_3.json","4) 삼각지 방면 엘리베이터 탑승","4) Take the elevator to 삼각지 direction"
"movements_translations_3.json","5) (B2) 삼각지 방면 승강장으로 이동","5) (B2) Move to the 삼각지-bound platform"
"movements_translations_3.json","4) 숙대입구 방면 엘리베이터 탑승","4) Take the elevator to 숙대입구 direction"
"movements_translations_3.json","4) 신용산 방면 엘리베이터 탑승","4) Take the elevator to 신Yongsan direction"
"movements_translations_3.json","5) (B2) 신용산 방면 승강장으로 이동","5) (B2) Move to the 신Yongsan-bound platform"
"movements_translations_3.json","4) (B4) 6호선 효창공원앞 방면 승강장으로 이동","4) (B4) Move to Line 6 효창공원앞-bound platform"
"movements_translations_3.json","4) (B4) 6호선 녹사평 방면 승강장으로 이동","4) (B4) Move to Line 6 녹사평-bound platform"
"movements_translations_3.json","1) (B2) 4호선 신용산 방면 승강장 하차","1) (B2) Exit at Line 4 신Yongsan-bound platform"
"movements_translations_3.json","3) 6호선 승강장 방향 휠체어리프트 탑승","3) 6Line  platform direction 휠체어리프트 board"
"movements_translations_3.json","3) 이촌 방면 엘리베이터 앞 표 내는 곳 통과","3) Ichon  direction elevator 앞 표 내는 곳 pass through"
"movements_translations_3.json","1) (1F) 3-1번 출입구 옆 엘리베이터 탑승","1) (1F) 3-1번 exit near elevator board"
"movements_translations_3.json","4) 지상 1층 경의중앙선 서빙고 방면 엘리베이터 탑승","4) 1F 경의Jungang선 서빙고  direction elevator board"
"movements_translations_3.json","6) 경의중앙선 승강장 엘리베이터 이용 ","6) 경의Jungang선 platform elevator 이용 "
"movements_translations_3.json","7) 경의중앙선 대합실로 이동","7) 경의Jungang선 concourse로 move"
"movements_translations_3.json","8) 경의중앙선 용산 방면 엘리베이터 탑승","8) 경의Jungang선 Yongsan  direction elevator board"
"movements_translations_3.json","9) (1F) 경의중앙선 용산 방면 승강장으로 이동","9) (1F) 경의Jungang선 Yongsan  direction platformto move"
"movements_translations_3.json","4) 경의중앙선 방향 서빙고 방면 엘리베이터  탑승","4) 경의Jungang선 direction 서빙고  direction elevator  board"
"movements_translations_3.json","5) (1F) 경의중앙선 서빙고 방면 승강장으로 이동","5) (1F) 경의Jungang선 서빙고  direction platformto move"
"movements_translations_3.json","6) 승차 (휠체어칸","6) board (휠체어칸"
"movements_translations_3.json","7) 9호선 구반포 방면 엘리베이터 탑승","7) Take the elevator to Line 9 구반포 direction"
"movements_translations_3.json","8) (B3) 9호선 구반포 방면 승강장으로 이동","8) (B3) Move to Line 9 구반포-bound platform"
"movements_translations_3.json","7) 9호선 흑석 방면 엘리베이터 탑승","7) Take the elevator to Line 9 흑석 direction"
"movements_translations_3.json","8) (B3) 9호선 흑석 방면 승강장으로 이동","8) (B3) Move to Line 9 흑석-bound platform"
"movements_translations_3.json","2) 7호선 환승통로 방향 휠체어리프트 탑승","2) 7Line  환승통로 direction 휠체어리프트 board"
"movements_translations_3.json","4) 개화산 방면 엘리베이터 탑승","4) Take the elevator to 개화산 direction"
"movements_translations_3.json","5) (B2) 개화산 방면 승강장으로 이동","5) (B2) Move to the 개화산-bound platform"
"movements_translations_3.json","2) 방화 방면 엘리베이터 탑승","2) Take the elevator to 방화 direction"
"movements_translations_3.json","3) (B2) 방화 방면 승강장으로 이동","3) (B2) Move to the 방화-bound platform"
"movements_translations_3.json","2) 김포공항 방면 엘리베이터 탑승","2) Take the elevator to 김포공항 direction"
"movements_translations_3.json","3) (B2) 김포공항 방면 승강장으로 이동","3) (B2) Move to the 김포공항-bound platform"
"movements_translations_3.json","5) (B3) 개화산 방면 승강장으로 이동","5) (B3) Move to the 개화산-bound platform"
"movements_translations_3.json","4) 송정 방면 엘리베이터 탑승","4) Take the elevator to 송정 direction"
"movements_translations_3.json","5) (B3) 송정 방면 승강장으로 이동","5) (B3) Move to the 송정-bound platform"
"movements_translations_3.json","3) 5호선 대합실 표 내는 곳 통과","3) 5Line  concourse 표 내는 곳 pass through"
"movements_translations_3.json","1) (B3) 5호선 개화산 방면 승강장 하차","1) (B3) Exit at Line 5 개화산-bound platform"
"movements_translations_3.json","3) 9호선 개화 방면 엘리베이터 탑승","3) Take the elevator to Line 9 개화 direction"
"movements_translations_3.json","4) (B4) 9호선 개화 방면 승강장으로 이동","4) (B4) Move to Line 9 개화-bound platform"
"movements_translations_3.json","3) 9호선 공항시장 방면 엘리베이터 탑승","3) Take the elevator to Line 9 공항시장 direction"
"movements_translations_3.json","4) (B3) 9호선 공항시장 방면 승강장으로 이동","4) (B3) Move to Line 9 공항시장-bound platform"
"movements_translations_3.json","1) (B3) 5호선 송정 방면 승강장 하차","1) (B3) Exit at Line 5 송정-bound platform"
"movements_translations_3.json","2) 9호선, 공항철도 방향 환승 엘리베이터 탑승","2) 9Line , 공항철도 direction 환승 elevator board"
"movements_translations_3.json","3) (B3) 9호선, 공항철도 방향 환승통로로 이동","3) (B3) 9Line , 공항철도 direction 환승통로로 move"
"movements_translations_3.json","4) 9호선, 공항철도 승강장으로 이동","4) 9Line , 공항철도 platformto move"
"movements_translations_3.json","5) 9호선 개화 방면 엘리베이터 탑승","5) Take the elevator to Line 9 개화 direction"
"movements_translations_3.json","6) (B4) 9호선 개화 방면 승강장으로 이동","6) (B4) Move to Line 9 개화-bound platform"
"movements_translations_3.json","2) 9호선 방향 환승 엘리베이터 탑승","2) 9Line  direction 환승 elevator board"
"movements_translations_3.json","4) 9호선 공항시장 방면 승강장으로 이동","4) 9Line  공항시장  direction platformto move"
"movements_translations_3.json","2) (B2) 9호선, 공항철도 대합실로 이동","2) (B2) 9Line , 공항철도 concourse로 move"
"movements_translations_3.json","3) 공항철도 마곡나루 방면 엘리베이터 탑승","3) 공항철도 마곡나루  direction elevator board"
"movements_translations_3.json","4) (B3) 공항철도 마곡나루 방면 승강장으로 이동","4) (B3) 공항철도 마곡나루  direction platformto move"
"movements_translations_3.json","3) 공항철도 계양 방면 엘리베이터 탑승","3) 공항철도 계양  direction elevator board"
"movements_translations_3.json","4) (B4) 공항철도 계양 방면 승강장으로 이동","4) (B4) 공항철도 계양  direction platformto move"
"movements_translations_3.json","4) 공항철도 마곡나루 방면 승강장으로 이동","4) 공항철도 마곡나루  direction platformto move"
"movements_translations_3.json","4) 공항철도 계양 방면 엘리베이터 탑승","4) 공항철도 계양  direction elevator board"
"movements_translations_3.json","5) (B4) 공항철도 계양 방면 승강장으로 이동","5) (B4) 공항철도 계양  direction platformto move"
"movements_translations_3.json","3) 김포골드라인 대합실로 이동","3) 김포골드라인 concourse로 move"
"movements_translations_3.json","4) 김포골드라인 고촌 방면 엘리베이터 탑승","4) 김포골드라인 고촌  direction elevator board"
"movements_translations_3.json","5) (B4) 김포골드라인 고촌 방면 승강장으로 이동","5) (B4) 김포골드라인 고촌  direction platformto move"
"movements_translations_3.json","5) (B2) 9호선, 공항철도 대합실로 이동","5) (B2) 9Line , 공항철도 concourse로 move"
"movements_translations_3.json","6) 김포골드라인 대합실로 이동","6) 김포골드라인 concourse로 move"
"movements_translations_3.json","7) 김포골드라인 고촌 방면 엘리베이터 탑승","7) 김포골드라인 고촌  direction elevator board"
"movements_translations_3.json","8) (B4) 김포골드라인 고촌 방면 승강장으로 이동","8) (B4) 김포골드라인 고촌  direction platformto move"
"movements_translations_3.json","1) (B3) 개화산방면 승강장 하차","1) (B3) Exit at 개화산-bound platform"
"movements_translations_3.json","3) 서해선 대합실로 이동","3) 서해선 concourse로 move"
"movements_translations_3.json","4) (B2) 서해선 엘리베이터 탑승","4) (B2) 서해선 elevator board"
"movements_translations_3.json","5) (B4) 서해선 능곡방면 엘리베이터 탑승","5) (B4) 서해선 능곡 direction elevator board"
"movements_translations_3.json","6) (B5) 능곡방면 승강장 승차","6) (B5) 능곡 direction platform board"
"movements_translations_3.json","5) (B4) 서해선 원종방면 엘리베이터 탑승","5) (B4) 서해선 원종 direction elevator board"
"movements_translations_3.json","6) (B5) 원종방면 승강장 승차","6) (B5) 원종 direction platform board"
"movements_translations_3.json","1) (B3) 5호선 송정방면 승강장 하차","1) (B3) Exit at Line 5 송정-bound platform"
"movements_translations_3.json","3) (B3) 9호선, 공항철도 방향 환승 통로로 이동","3) (B3) 9Line , 공항철도 direction 환승 통로로 move"
"movements_translations_3.json","6) 서해선 대합실로 이동","6) 서해선 concourse로 move"
"movements_translations_3.json","7) (B2) 서해선 엘리베이터 탑승","7) (B2) 서해선 elevator board"
"movements_translations_3.json","8) (B4) 서해선 능곡방면 엘리베이터 탑승","8) (B4) 서해선 능곡 direction elevator board"
"movements_translations_3.json","9) (B5) 능곡방면 승강장 승차","9) (B5) 능곡 direction platform board"
"movements_translations_3.json","8) (B4) 서해선 원종방면 엘리베이터 탑승","8) (B4) 서해선 원종 direction elevator board"
"movements_translations_3.json","9) (B5) 원종방면 승강장 승차","9) (B5) 원종 direction platform board"
"movements_translations_3.json","4) 김포공항 방면 엘리베이터 탑승","4) Take the elevator to 김포공항 direction"
"movements_translations_3.json","5) (B3) 김포공항 방면 승강장으로 이동","5) (B3) Move to the 김포공항-bound platform"
"movements_translations_3.json","4) 마곡 방면 엘리베이터 탑승","4) Take the elevator to 마곡 direction"
"movements_translations_3.json","5) (B3) 마곡 방면 승강장으로 이동","5) (B3) Move to the 마곡-bound platform"
"movements_translations_3.json","5) (B2) 송정 방면 승강장으로 이동","5) (B2) Move to the 송정-bound platform"
"movements_translations_3.json","4) 발산 방면 엘리베이터 탑승","4) Take the elevator to 발산 direction"
"movements_translations_3.json","5) (B2) 발산 방면 승강장으로 이동","5) (B2) Move to the 발산-bound platform"
"movements_translations_3.json","(1F) 6/7번 출입구 사이 엘리베이터 탑승 ","(1F) 6/7번 exit between elevator board "
"movements_translations_3.json","3) 마곡 방면 엘리베이터 앞 표 내는 곳 통과","3) 마곡  direction elevator 앞 표 내는 곳 pass through"
"movements_translations_3.json","5) (B2) 마곡 방면 승강장으로 이동","5) (B2) Move to the 마곡-bound platform"
"movements_translations_3.json","3) 우장산 방면 엘리베이터 앞 표 내는 곳 통과","3) 우장산  direction elevator 앞 표 내는 곳 pass through"
"movements_translations_3.json","4) 우장산 방면 엘리베이터 탑승","4) Take the elevator to 우장산 direction"
"movements_translations_3.json","5) (B2) 우장산 방면 승강장으로 이동","5) (B2) Move to the 우장산-bound platform"
"movements_translations_3.json","3) 발산 방면 엘리베이터 앞 표 내는 곳 통과","3) 발산  direction elevator 앞 표 내는 곳 pass through"
"movements_translations_3.json","3) 화곡 방면 엘리베이터 앞 표 내는 곳 통과","3) 화곡  direction elevator 앞 표 내는 곳 pass through"
"movements_translations_3.json","4) 화곡 방면 엘리베이터 탑승","4) Take the elevator to 화곡 direction"
"movements_translations_3.json","5) (B2) 화곡 방면 승강장으로 이동","5) (B2) Move to the 화곡-bound platform"
"movements_translations_3.json","5) (B2) 까치산 방면 승강장으로 이동","5) (B2) Move to the 까치산-bound platform"
"movements_translations_3.json","1) 1F 지상EV탑승->게이트 통과","1) 1F 지상EVboard->게이트 pass through"
"movements_translations_3.json","3) B5 상선 승강장(6-3) ","3) B5 상선 platform(6-3) "
"movements_translations_3.json","4) 승차(휠체어 칸)","4) board(휠체어 칸)"
"movements_translations_3.json","3) B5 하선 승강장(3-2) ","3) B5 하선 platform(3-2) "
"movements_translations_3.json","1) 5호선 화곡방면 승강장","1) 5Line  화곡 direction platform"
"movements_translations_3.json","2) B5 상선 승강장(6-3) EV 탑승 ","2) B5 상선 platform(6-3) EV board "
"movements_translations_3.json","4) B1 대합실 신정역 방면 EV 탑승","4) B1 concourse 신정역  direction EV board"
"movements_translations_3.json","5) B5 하선 승강장(3-2) 하차 ","5) B5 하선 platform(3-2) exit "
"movements_translations_3.json","6) B5 2호선 신정네거리역 방면 승강장으로 이동","6) B5 2Line  신정네거리역  direction platformto move"
"movements_translations_3.json","1) (B5) 5호선 신정 방면 승강장 하차","1) (B5) Exit at Line 5 신정-bound platform"
"movements_translations_3.json","2) (B5) 2호선 신정네거리 방면 승강장으로 이동","2) (B5) Move to Line 2 신정네거리-bound platform"
"movements_translations_3.json","4) 목동 방면 엘리베이터 탑승","4) Take the elevator to 목동 direction"
"movements_translations_3.json","5) (B3) 목동 방면 승강장으로 이동","5) (B3) Move to the 목동-bound platform"
"movements_translations_3.json","4) 신정 방면 엘리베이터 탑승","4) Take the elevator to 신정 direction"
"movements_translations_3.json","5) (B2) 신정 방면 승강장으로 이동","5) (B2) Move to the 신정-bound platform"
"movements_translations_3.json","4) 오목교 방면 엘리베이터 탑승","4) Take the elevator to 오목교 direction"
"movements_translations_3.json","5) (B2) 오목교 방면 승강장으로 이동","5) (B2) Move to the 오목교-bound platform"
"movements_translations_3.json","5) (B5) 오목교 방면 승강장으로 이동","5) (B5) Move to the 오목교-bound platform"
"movements_translations_3.json","4) 영등포시장 방면 엘리베이터 탑승","4) Take the elevator to 영등포시장 direction"
"movements_translations_3.json","5) (B5) 영등포시장 방면 승강장으로 이동","5) (B5) Move to the 영등포시장-bound platform"
"movements_translations_3.json","2) (1F) 7번 출입구 엘리베이터 하차","2) (1F) 7번 exit elevator exit"
"movements_translations_3.json","4) (B1) 2번 출입구 엘리베이터 하차","4) (B1) 2번 exit elevator exit"
"movements_translations_3.json","5) (B1) 2호선 문래방면 엘리베이터 탑승","5) (B1) Take the elevator to Line 2 문래 direction"
"movements_translations_3.json","6) (B2) 2호선 문래방면 엘리베이터 하차","6) (B2) 2Line  문래 direction elevator exit"
"movements_translations_3.json","1) (B5) 영등포시장방면 엘리베이터 탑승","1) (B5) Take the elevator to 영등포시장 direction"
"movements_translations_3.json","2) (B4) 영등포시장방면 엘리베이터 하차","2) (B4) 영등포시장 direction elevator exit"
"movements_translations_3.json","3) (B4) 표 내는 곳 통과 후 5호선 양평 방향 엘리베이터 탑승","3) (B4) Pass through the ticket gate 후 5Line  Yangpyeong direction elevator board"
"movements_translations_3.json","4) (F1) 7번 출입구 엘리베이터 하차","4) (F1) 7번 exit elevator exit"
"movements_translations_3.json","6) (B1) 2번 출입구 엘리베이터 하차","6) (B1) 2번 exit elevator exit"
"movements_translations_3.json","7) (B1) 문래방면 엘리베이터 탑승","7) (B1) Take the elevator to 문래 direction"
"movements_translations_3.json","8) (B2) 문래방면 엘리베이터 하차","8) (B2) 문래 direction elevator exit"
"movements_translations_3.json","4) 신길 방면 엘리베이터 탑승","4) Take the elevator to 신길 direction"
"movements_translations_3.json","5) (B6) 신길 방면 승강장으로 이동","5) (B6) Move to the 신길-bound platform"
"movements_translations_3.json","5) (B4) 영등포시장 방면 승강장으로 이동","5) (B4) Move to the 영등포시장-bound platform"
"movements_translations_3.json","4) 여의도 방면 엘리베이터 탑승","4) Take the elevator to 여의도 direction"
"movements_translations_3.json","5) (B4) 여의도 방면 승강장으로 이동","5) (B4) Move to the 여의도-bound platform"
"movements_translations_3.json","1) (B4) 5호선 영등포시장 방면 승강장 하차","1) (B4) Exit at Line 5 영등포시장-bound platform"
"movements_translations_3.json","2) 1호선 방향 환승 엘리베이터 탑승","2) 1Line  direction 환승 elevator board"
"movements_translations_3.json","4) 1호선 환승통로 방향 경사형 엘리베이터 탑승","4) 1Line  환승통로 direction 경사형 elevator board"
"movements_translations_3.json","6) 1호선 대방 방면 엘리베이터 탑승","6) Take the elevator to Line 1 대방 direction"
"movements_translations_3.json","7) (1F) 1호선 대방 방면 승강장으로 이동","7) (1F) Move to Line 1 대방-bound platform"
"movements_translations_3.json","6) 1호선 영등포 방면 엘리베이터 탑승","6) Take the elevator to Line 1 영등포 direction"
"movements_translations_3.json","7) (1F) 1호선 영등포 방면 승강장으로 이동","7) (1F) Move to Line 1 영등포-bound platform"
"movements_translations_3.json","1) (B4) 5호선 여의도 방면 승강장 하차","1) (B4) Exit at Line 5 여의도-bound platform"
"movements_translations_3.json","5) (B4) 신길 방면 승강장으로 이동","5) (B4) Move to the 신길-bound platform"
"movements_translations_3.json","4) 여의나루 방면 엘리베이터 탑승","4) Take the elevator to 여의나루 direction"
"movements_translations_3.json","5) (B4) 여의나루 방면 승강장으로 이동","5) (B4) Move to the 여의나루-bound platform"
"movements_translations_3.json","1) (B4) 5호선 신길 방면 승강장 하차","1) (B4) Exit at Line 5 신길-bound platform"
"movements_translations_3.json","4) 9호선 표 내는 곳 통과","4) 9Line  표 내는 곳 pass through"
"movements_translations_3.json","6) 대합실 방향 엘리베이터로 이동","6) concourse direction elevator로 move"
"movements_translations_3.json","8) 9호선 샛강 방면 엘리베이터로 이동","8) 9Line  샛강  direction elevator로 move"
"movements_translations_3.json","9) 9호선 샛강 방면 엘리베이터 탑승","9) Take the elevator to Line 9 샛강 direction"
"movements_translations_3.json","10) (B2) 9호선 샛강 방면 승강장으로 이동","10) (B2) Move to Line 9 샛강-bound platform"
"movements_translations_3.json","5) 9호선 국회의사당 방면 승강장으로 이동","5) 9Line  국회의Sadang  direction platformto move"
"movements_translations_3.json","1) (B4) 5호선 여의나루 방면 승강장 하차","1) (B4) Exit at Line 5 여의나루-bound platform"
"movements_translations_3.json","5) 9호선 샛강 방면 승강장으로 이동","5) 9Line  샛강  direction platformto move"
"movements_translations_3.json","7) (B2) 9호선 국회의사당 방면 승강장으로 이동","7) (B2) Move to Line 9 국회의Sadang-bound platform"
"movements_translations_3.json","8) 9호선 국회의사당 방면 엘리베이터 탑승","8) Take the elevator to Line 9 국회의Sadang direction"
"movements_translations_3.json","9) (B2) 9호선 국회의사당 방면 승강장으로 이동","9) (B2) Move to Line 9 국회의Sadang-bound platform"
"movements_translations_3.json","1) (지상) 4번 출입구 옆 엘리베이터 탑승","1) (지상) Take the elevator at Exit 4"
"movements_translations_3.json","2) 이동통로로 이동","2) move통로로 move"
"movements_translations_3.json","3) (M1) 경사형 엘리베이터 탑승","3) (M1) 경사형 elevator board"
"movements_translations_3.json","6) (B5) 여의도/마포 방면 플랫폼 이동","6) (B5) 여의도/마포  direction 플랫폼 move"
"movements_translations_3.json","8) (휠체어칸) 승차","8) (휠체어칸) board"
"movements_translations_3.json","5) (B5) 여의나루 방면 승강장으로 이동","5) (B5) Move to the 여의나루-bound platform"
"movements_translations_3.json","5) (B5) 공덕 방면 승강장으로 이동","5) (B5) Move to the 공덕-bound platform"
"movements_translations_3.json","3) 승차 태그 후 승강장 방향 엘리베이터 탑승","3) board 태그 후 platform direction elevator board"
"movements_translations_3.json","5) (B3) 마포 방면 승강장으로 이동","5) (B3) Move to the 마포-bound platform"
"movements_translations_3.json","5) (B3) 애오개 방면 승강장으로 이동","5) (B3) Move to the 애오개-bound platform"
"movements_translations_3.json","1) (B3) 5호선 마포 방면 승강장 하차","1) (B3) Exit at Line 5 마포-bound platform"
"movements_translations_3.json","4) 6호선 효창공원앞 방면 승강장으로 이동","4) 6Line  효창공원앞  direction platformto move"
"movements_translations_3.json","7) 6호선 대흥 방면 엘리베이터 탑승","7) Take the elevator to Line 6 대흥 direction"
"movements_translations_3.json","8) (B2) 6호선 대흥 방면 승강장으로 이동","8) (B2) Move to Line 6 대흥-bound platform"
"movements_translations_3.json","4) (B2) 6호선 효창공원앞 방면 승강장으로 이동","4) (B2) Move to Line 6 효창공원앞-bound platform"
"movements_translations_3.json","1) (B3) 5호선 애오개 방면 승강장 하차","1) (B3) Exit at Line 5 애오개-bound platform"
"movements_translations_3.json","9) (B2) 경의중앙선 서강대 방면 승강장으로 이동","9) (B2) 경의Jungang선 서강대  direction platformto move"
"movements_translations_3.json","8) 경의중앙선 효창공원앞 방면 엘리베이터 탑승","8) 경의Jungang선 효창공원앞  direction elevator board"
"movements_translations_3.json","9) (B2) 경의중앙선 효창공원앞 방면 승강장으로 이동","9) (B2) 경의Jungang선 효창공원앞  direction platformto move"
"movements_translations_3.json","8) 공항철도 서울역 방면 엘리베이터 탑승","8) 공항철도 Seoul Station  direction elevator board"
"movements_translations_3.json","9) (B4) 공항철도 서울역 방면 승강장으로 이동","9) (B4) 공항철도 Seoul Station  direction platformto move"
"movements_translations_3.json","8) 공항철도 홍대입구 방면 엘리베이터 탑승","8) 공항철도 Hongik Univ.  direction elevator board"
"movements_translations_3.json","9) (B4) 공항철도 홍대입구 방면 승강장으로 이동","9) (B4) 공항철도 Hongik Univ.  direction platformto move"
"movements_translations_3.json","6) 공덕 방면 엘리베이터 탑승","6) Take the elevator to 공덕 direction"
"movements_translations_3.json","7) (B4) 공덕 방면 승강장으로 이동","7) (B4) Move to the 공덕-bound platform"
"movements_translations_3.json","5) (B5) 애오개 방면 승강장으로 이동","5) (B5) Move to the 애오개-bound platform"
"movements_translations_3.json","5) (B5) 서대문 방면 승강장으로 이동","5) (B5) Move to the 서대문-bound platform"
"movements_translations_3.json","1) (B5) 5호선 애오개 방면 승강장 하차","1) (B5) Exit at Line 5 애오개-bound platform"
"movements_translations_3.json","1) (B5) 5호선 서대문 방면 승강장 하차","1) (B5) Exit at Line 5 서대문-bound platform"
"movements_translations_3.json","5) (B4) 광화문 방면 승강장으로 이동","5) (B4) Move to the 광화문-bound platform"
"movements_translations_3.json","5) (B4) 서대문 방면 승강장으로 이동","5) (B4) Move to the 서대문-bound platform"
"movements_translations_3.json","6) (B5) 광화문 방면 승강장으로 이동","6) (B5) Move to the 광화문-bound platform"
"movements_translations_3.json","6) (B5) 을지로 4가 방면 승강장으로 이동","6) (B5) 을지로 4가  direction platformto move"
"movements_translations_3.json","1) (B5) 5호선 광화문 방면 승강장 하차","1) (B5) Exit at Line 5 광화문-bound platform"
"movements_translations_3.json","6) 3호선 대합실로 이동","6) 3Line  concourse로 move"
"movements_translations_3.json","1) (1F) 2호선 1번 출입구 옆 엘리베이터 탑승","1) (1F) 2Line  1번 exit near elevator board"
"movements_translations_3.json","4) 4호선 환승통로 방향으로 이동","4) 4Line  환승통로 directionto move"
"movements_translations_3.json","6) (B3) 5호선 승강장 방향 환승 엘리베이터 이동","6) (B3) 5Line  platform direction 환승 elevator move"
"movements_translations_3.json","7) 5호선 승강장 방향 환승 엘리베이터 탑승","7) 5Line  platform direction 환승 elevator board"
"movements_translations_3.json","8) (B5) 청구 방면 승강장 이동","8) (B5) 청구  direction platform move"
"movements_translations_3.json","2) 4호선 방향 환승 엘리베이터 탑승","2) 4Line  direction 환승 elevator board"
"movements_translations_3.json","6) 2호선 대합실로 이동","6) 2Line  concourse로 move"
"movements_translations_3.json","1) (B5) 5호선 청구 방면 승강장 하차","1) (B5) Exit at Line 5 청구-bound platform"
"movements_translations_3.json","3) (B3) 4호선 충무로 방면 승강장으로 이동","3) (B3) Move to Line 4 충무로-bound platform"
"movements_translations_3.json","7) (B4) 신금호 방면 승강장으로 이동","7) (B4) Move to the 신금호-bound platform"
"movements_translations_3.json","4) 6호선 약수 방면 엘리베이터 탑승","4) Take the elevator to Line 6 약수 direction"
"movements_translations_3.json","5) (B2) 6호선 약수 방면 승강장으로 이동","5) (B2) Move to Line 6 약수-bound platform"
"movements_translations_3.json","1) (B4) 5호선 신금호 방면 승강장 하차","1) (B4) Exit at Line 5 신금호-bound platform"
"movements_translations_3.json","5) (B8) 청구 방면 승강장으로 이동","5) (B8) Move to the 청구-bound platform"
"movements_translations_3.json","5) (B8) 행당 방면 승강장으로 이동","5) (B8) Move to the 행당-bound platform"
"movements_translations_3.json","4) 신금호 방면 엘리베이터 탑승","4) Take the elevator to 신금호 direction"
"movements_translations_3.json","5) (B5) 신금호 방면 승강장으로 이동","5) (B5) Move to the 신금호-bound platform"
"movements_translations_3.json","4) 행당 방면 엘리베이터 탑승","4) Take the elevator to 행당 direction"
"movements_translations_3.json","5) (B5) 행당 방면 승강장으로 이동","5) (B5) Move to the 행당-bound platform"
"movements_translations_3.json","4) 마장 방면 엘리베이터 탑승","4) Take the elevator to 마장 direction"
"movements_translations_3.json","5) (B5) 마장 방면 승강장으로 이동","5) (B5) Move to the 마장-bound platform"
"movements_translations_3.json","6) 행당 방면 엘리베이터 탑승","6) Take the elevator to 행당 direction"
"movements_translations_3.json","7) (B5) 행당 방면 승강장으로 이동","7) (B5) Move to the 행당-bound platform"
"movements_translations_3.json","6) 마장 방면 엘리베이터 탑승","6) Take the elevator to 마장 direction"
"movements_translations_3.json","7) (B5) 마장 방면 승강장으로 이동","7) (B5) Move to the 마장-bound platform"
"movements_translations_3.json","1) (B5) 5호선 행당 방면 승강장 하차","1) (B5) Exit at Line 5 행당-bound platform"
"movements_translations_3.json","5) (B2) 환승 대합실로 이동","5) (B2) 환승 concourse로 move"
"movements_translations_3.json","6) 환승 대합실 방향 엘리베이터 탑승","6) 환승 concourse direction elevator board"
"movements_translations_3.json","7) (B1) 환승대합실로 이동","7) (B1) 환승concourse로 move"
"movements_translations_3.json","1) (B5) 5호선 마장 방면 승강장 하차","1) (B5) Exit at Line 5 마장-bound platform"
"movements_translations_3.json","8) 수인분당선 승강장 방향 엘리베이터 탑승","8) 수인분당선 platform direction elevator board"
"movements_translations_3.json","9) (1F) 수인분당선 청량리 방면 승강장으로 이동","9) (1F) 수인분당선 Cheongnyangni  direction platformto move"
"movements_translations_3.json","9) (1F) 수인분당선 서울숲 방면 승강장으로 이동","9) (1F) 수인분당선 서울숲  direction platformto move"
"movements_translations_3.json","8) 경의중앙선 승강장 방향 엘리베이터 탑승","8) 경의Jungang선 platform direction elevator board"
"movements_translations_3.json","9) (1F) 경의중앙선 응봉 방면 승강장으로 이동","9) (1F) 경의Jungang선 응봉  direction platformto move"
"movements_translations_3.json","9) (1F) 경의중앙선 청량리 방면 승강장으로 이동","9) (1F) 경의Jungang선 Cheongnyangni  direction platformto move"
"movements_translations_3.json","4) 답십리 방면 엘리베이터 탑승","4) Take the elevator to 답십리 direction"
"movements_translations_3.json","5) (B3) 답십리 방면 승강장으로 이동","5) (B3) Move to the 답십리-bound platform"
"movements_translations_3.json","5) (B3) 마장 방면 승강장으로 이동","5) (B3) Move to the 마장-bound platform"
"movements_translations_3.json","5) (B3) 장한평 방면 승강장으로 이동","5) (B3) Move to the 장한평-bound platform"
"movements_translations_3.json","5) (B3) 군자 방면 승강장으로 이동","5) (B3) Move to the 군자-bound platform"
"movements_translations_3.json","5) (B2) 장한평 방면 승강장으로 이동","5) (B2) Move to the 장한평-bound platform"
"movements_translations_3.json","5) (B2) 아차산 방면 승강장으로 이동","5) (B2) Move to the 아차산-bound platform"
"movements_translations_3.json","1) (B2) 5호선 장한평 방면 승강장 하차","1) (B2) Exit at Line 5 장한평-bound platform"
"movements_translations_3.json","2) 7호선 중곡 방면 엘리베이터 탑승","2) Take the elevator to Line 7 중곡 direction"
"movements_translations_3.json","3) (B3) 7호선 중곡 방면 승강장으로 이동","3) (B3) Move to Line 7 중곡-bound platform"
"movements_translations_3.json","2) 7호선 어린이대공원 방면 엘리베이터 탑승","2) 7Line  어린Ewha Womans Univ.공원  direction elevator board"
"movements_translations_3.json","3) (B3) 7호선 어린이대공원 방면 승강장으로 이동","3) (B3) 7Line  어린Ewha Womans Univ.공원  direction platformto move"
"movements_translations_3.json","1) (B2) 5호선 아차산 방면 승강장 하차","1) (B2) Exit at Line 5 아차산-bound platform"
"movements_translations_3.json","4) 군자 방면 엘리베이터 탑승","4) Take the elevator to 군자 direction"
"movements_translations_3.json","4) 광나루 방면 엘리베이터 탑승","4) Take the elevator to 광나루 direction"
"movements_translations_3.json","5) (B3) 광나루 방면 승강장으로 이동","5) (B3) Move to the 광나루-bound platform"
"movements_translations_3.json","4) 아차산 방면 엘리베이터 탑승","4) Take the elevator to 아차산 direction"
"movements_translations_3.json","5) (B3) 아차산 방면 승강장으로 이동","5) (B3) Move to the 아차산-bound platform"
"movements_translations_3.json","4) 천호 방면 엘리베이터 탑승","4) Take the elevator to 천호 direction"
"movements_translations_3.json","5) (B3) 천호 방면 승강장으로 이동","5) (B3) Move to the 천호-bound platform"
"movements_translations_3.json","3) (B1) 대합실 방향 엘리베이터 앞 표 내는 곳 통과","3) (B1) concourse direction elevator 앞 표 내는 곳 pass through"
"movements_translations_3.json","6) 광나루 방면 엘리베이터 탑승","6) Take the elevator to 광나루 direction"
"movements_translations_3.json","7) (B3) 광나루 방면 승강장으로 이동","7) (B3) Move to the 광나루-bound platform"
"movements_translations_3.json","6) 강동 방면 엘리베이터 탑승","6) Take the elevator to 강동 direction"
"movements_translations_3.json","7) (B3) 강동 방면 승강장으로 이동","7) (B3) Move to the 강동-bound platform"
"movements_translations_3.json","1) (B3) 5호선 광나루 방면 승강장 하차","1) (B3) Exit at Line 5 광나루-bound platform"
"movements_translations_3.json","6) 8호선 암사 방면 엘리베이터 탑승","6) Take the elevator to Line 8 암사 direction"
"movements_translations_3.json","7) (B2) 8호선 암사 방면 승강장으로 이동","7) (B2) Move to Line 8 암사-bound platform"
"movements_translations_3.json","6) 8호선 강동구청 방면 엘리베이터 탑승","6) Take the elevator to Line 8 강동구청 direction"
"movements_translations_3.json","7) (B2) 8호선 강동구청 방면 승강장으로 이동","7) (B2) Move to Line 8 강동구청-bound platform"
"movements_translations_3.json","1) (B3) 5호선 강동 방면 승강장 하차","1) (B3) Exit at Line 5 강동-bound platform"
"movements_translations_3.json","5) (B4) 천호 방면 승강장으로 이동","5) (B4) Move to the 천호-bound platform"
"movements_translations_3.json","4) 길동, 둔촌동 방면 엘리베이터 탑승","4) 길동, 둔촌동  direction elevator board"
"movements_translations_3.json","5) (B4) 길동, 둔촌동 방면 승강장으로 이동","5) (B4) 길동, 둔촌동  direction platformto move"
"movements_translations_3.json","2) (B1) 지하1층 대합실로 이동","2) (B1) B1 concourse로 move"
"movements_translations_3.json","4) (B3) 지하3층 대합실로 이동","4) (B3) B3 concourse로 move"
"movements_translations_3.json","6) 천호 방면 엘리베이터 탑승","6) Take the elevator to 천호 direction"
"movements_translations_3.json","7) (B4) 천호 방면 승강장으로 이동","7) (B4) Move to the 천호-bound platform"
"movements_translations_3.json","6) 길동, 둔촌동 방면 엘리베이터 탑승","6) 길동, 둔촌동  direction elevator board"
"movements_translations_3.json","7) (B4) 길동, 둔촌동 방면 승강장으로 이동","7) (B4) 길동, 둔촌동  direction platformto move"
"movements_translations_3.json","1) 천호로부터 들어오는 열차에서 하차","1) 천호로부터 들어오는 열차at exit"
"movements_translations_3.json","2) 현 승강장에서 상일동 방면 길동행 열차 탑승","2) 현 platformat 상일동  direction 길동행 열차 board"
"movements_translations_3.json","2) 현 승강장에서 마천방면 둔촌동행 열차 탑승","2) 현 platformat 마천 direction 둔촌동행 열차 board"
"movements_translations_3.json","6) 굽은다리 방면 엘리베이터 탑승","6) Take the elevator to 굽은다리 direction"
"movements_translations_3.json","7) (B3) 굽은다리 방면 승강장으로 이동","7) (B3) Move to the 굽은다리-bound platform"
"movements_translations_3.json","3) 길동 방면 엘리베이터 앞 표 내는 곳 통과","3) 길동  direction elevator 앞 표 내는 곳 pass through"